-- MySQL dump 10.13  Distrib 5.7.17, for Win64 (x86_64)
--
-- Host: localhost    Database: mat_db
-- ------------------------------------------------------
-- Server version	5.7.18-log

/*!40101 SET @OLD_CHARACTER_SET_CLIENT=@@CHARACTER_SET_CLIENT */;
/*!40101 SET @OLD_CHARACTER_SET_RESULTS=@@CHARACTER_SET_RESULTS */;
/*!40101 SET @OLD_COLLATION_CONNECTION=@@COLLATION_CONNECTION */;
/*!40101 SET NAMES utf8 */;
/*!40103 SET @OLD_TIME_ZONE=@@TIME_ZONE */;
/*!40103 SET TIME_ZONE='+00:00' */;
/*!40014 SET @OLD_UNIQUE_CHECKS=@@UNIQUE_CHECKS, UNIQUE_CHECKS=0 */;
/*!40014 SET @OLD_FOREIGN_KEY_CHECKS=@@FOREIGN_KEY_CHECKS, FOREIGN_KEY_CHECKS=0 */;
/*!40101 SET @OLD_SQL_MODE=@@SQL_MODE, SQL_MODE='NO_AUTO_VALUE_ON_ZERO' */;
/*!40111 SET @OLD_SQL_NOTES=@@SQL_NOTES, SQL_NOTES=0 */;

--
-- Table structure for table `assignment`
--

DROP TABLE IF EXISTS `assignment`;
/*!40101 SET @saved_cs_client     = @@character_set_client */;
/*!40101 SET character_set_client = utf8 */;
CREATE TABLE `assignment` (
  `assignmentId` int(11) NOT NULL AUTO_INCREMENT,
  `date` date DEFAULT NULL,
  `assignmentFile` mediumblob,
  `fileName` varchar(45) DEFAULT NULL,
  `teacherId` int(11) DEFAULT NULL,
  `courseId` int(11) DEFAULT NULL,
  PRIMARY KEY (`assignmentId`)
) ENGINE=InnoDB AUTO_INCREMENT=23 DEFAULT CHARSET=utf8;
/*!40101 SET character_set_client = @saved_cs_client */;

--
-- Dumping data for table `assignment`
--

LOCK TABLES `assignment` WRITE;
/*!40000 ALTER TABLE `assignment` DISABLE KEYS */;
/*!40000 ALTER TABLE `assignment` ENABLE KEYS */;
UNLOCK TABLES;

--
-- Table structure for table `class`
--

DROP TABLE IF EXISTS `class`;
/*!40101 SET @saved_cs_client     = @@character_set_client */;
/*!40101 SET character_set_client = utf8 */;
CREATE TABLE `class` (
  `classId` int(11) NOT NULL,
  `name` varchar(45) NOT NULL,
  PRIMARY KEY (`classId`)
) ENGINE=InnoDB DEFAULT CHARSET=utf8;
/*!40101 SET character_set_client = @saved_cs_client */;

--
-- Dumping data for table `class`
--

LOCK TABLES `class` WRITE;
/*!40000 ALTER TABLE `class` DISABLE KEYS */;
INSERT INTO `class` VALUES (0,'b1'),(1,'a1'),(2,'a2'),(3,'a3'),(4,'a4'),(5,'a9'),(6,'a8'),(20,'a5'),(23,'b2');
/*!40000 ALTER TABLE `class` ENABLE KEYS */;
UNLOCK TABLES;

--
-- Table structure for table `class_has_course`
--

DROP TABLE IF EXISTS `class_has_course`;
/*!40101 SET @saved_cs_client     = @@character_set_client */;
/*!40101 SET character_set_client = utf8 */;
CREATE TABLE `class_has_course` (
  `class_classId` int(11) NOT NULL,
  `course_courseId` int(11) NOT NULL,
  `teacher_teacherId` int(11) DEFAULT NULL,
  `teacher_user_id` int(11) DEFAULT NULL,
  `semester_semesterId` int(11) NOT NULL,
  PRIMARY KEY (`class_classId`,`course_courseId`),
  KEY `fk_class_has_course_course1_idx` (`course_courseId`),
  KEY `fk_class_has_course_class1_idx` (`class_classId`),
  KEY `fk_class_has_course_teacher1_idx` (`teacher_teacherId`,`teacher_user_id`),
  KEY `fk_class_has_course_semester1_idx` (`semester_semesterId`),
  CONSTRAINT `fk_class_has_course_class1` FOREIGN KEY (`class_classId`) REFERENCES `class` (`classId`) ON DELETE NO ACTION ON UPDATE NO ACTION,
  CONSTRAINT `fk_class_has_course_course1` FOREIGN KEY (`course_courseId`) REFERENCES `course` (`courseId`) ON DELETE NO ACTION ON UPDATE NO ACTION,
  CONSTRAINT `fk_class_has_course_semester1` FOREIGN KEY (`semester_semesterId`) REFERENCES `semester` (`semesterId`) ON DELETE NO ACTION ON UPDATE NO ACTION,
  CONSTRAINT `fk_class_has_course_teacher1` FOREIGN KEY (`teacher_teacherId`, `teacher_user_id`) REFERENCES `teacher` (`teacherId`, `user_id`) ON DELETE NO ACTION ON UPDATE NO ACTION
) ENGINE=InnoDB DEFAULT CHARSET=utf8;
/*!40101 SET character_set_client = @saved_cs_client */;

--
-- Dumping data for table `class_has_course`
--

LOCK TABLES `class_has_course` WRITE;
/*!40000 ALTER TABLE `class_has_course` DISABLE KEYS */;
INSERT INTO `class_has_course` VALUES (1,1,2,128,7),(1,2,1,123,7),(1,6,4,2000,7),(1,7,5,2001,7),(1,8,6,2002,7),(2,6,4,2000,7),(2,7,5,2001,7),(2,8,6,2002,7),(3,6,4,2000,7),(3,7,5,2001,7),(3,8,6,2002,7);
/*!40000 ALTER TABLE `class_has_course` ENABLE KEYS */;
UNLOCK TABLES;

--
-- Table structure for table `class_has_course_has_assignment`
--

DROP TABLE IF EXISTS `class_has_course_has_assignment`;
/*!40101 SET @saved_cs_client     = @@character_set_client */;
/*!40101 SET character_set_client = utf8 */;
CREATE TABLE `class_has_course_has_assignment` (
  `class_has_course_class_classId` int(11) NOT NULL,
  `class_has_course_course_courseId` int(11) NOT NULL,
  `assignment_assignmentId` int(11) NOT NULL,
  `semester_semesterId` int(11) NOT NULL,
  PRIMARY KEY (`class_has_course_class_classId`,`class_has_course_course_courseId`,`assignment_assignmentId`),
  KEY `fk_class_has_course_has_assignment_assignment1_idx` (`assignment_assignmentId`),
  KEY `fk_class_has_course_has_assignment_class_has_course1_idx` (`class_has_course_class_classId`,`class_has_course_course_courseId`),
  KEY `fk_class_has_course_has_assignment_semester1_idx` (`semester_semesterId`),
  CONSTRAINT `fk_class_has_course_has_assignment_assignment1` FOREIGN KEY (`assignment_assignmentId`) REFERENCES `assignment` (`assignmentId`) ON DELETE NO ACTION ON UPDATE NO ACTION,
  CONSTRAINT `fk_class_has_course_has_assignment_class_has_course1` FOREIGN KEY (`class_has_course_class_classId`, `class_has_course_course_courseId`) REFERENCES `class_has_course` (`class_classId`, `course_courseId`) ON DELETE NO ACTION ON UPDATE NO ACTION,
  CONSTRAINT `fk_class_has_course_has_assignment_semester1` FOREIGN KEY (`semester_semesterId`) REFERENCES `semester` (`semesterId`) ON DELETE NO ACTION ON UPDATE NO ACTION
) ENGINE=InnoDB DEFAULT CHARSET=utf8;
/*!40101 SET character_set_client = @saved_cs_client */;

--
-- Dumping data for table `class_has_course_has_assignment`
--

LOCK TABLES `class_has_course_has_assignment` WRITE;
/*!40000 ALTER TABLE `class_has_course_has_assignment` DISABLE KEYS */;
/*!40000 ALTER TABLE `class_has_course_has_assignment` ENABLE KEYS */;
UNLOCK TABLES;

--
-- Table structure for table `class_has_student`
--

DROP TABLE IF EXISTS `class_has_student`;
/*!40101 SET @saved_cs_client     = @@character_set_client */;
/*!40101 SET character_set_client = utf8 */;
CREATE TABLE `class_has_student` (
  `class_classId` int(11) NOT NULL,
  `student_idstudent` int(11) NOT NULL,
  `student_user_id` int(11) NOT NULL,
  `semester_semesterId` int(11) NOT NULL,
  PRIMARY KEY (`class_classId`,`student_idstudent`,`student_user_id`),
  KEY `fk_class_has_student_student1_idx` (`student_idstudent`,`student_user_id`),
  KEY `fk_class_has_student_class1_idx` (`class_classId`),
  KEY `fk_class_has_student_semester1_idx` (`semester_semesterId`),
  CONSTRAINT `fk_class_has_student_class1` FOREIGN KEY (`class_classId`) REFERENCES `class` (`classId`) ON DELETE NO ACTION ON UPDATE NO ACTION,
  CONSTRAINT `fk_class_has_student_semester1` FOREIGN KEY (`semester_semesterId`) REFERENCES `semester` (`semesterId`) ON DELETE NO ACTION ON UPDATE NO ACTION,
  CONSTRAINT `fk_class_has_student_student1` FOREIGN KEY (`student_idstudent`, `student_user_id`) REFERENCES `student` (`idstudent`, `user_id`) ON DELETE NO ACTION ON UPDATE NO ACTION
) ENGINE=InnoDB DEFAULT CHARSET=utf8;
/*!40101 SET character_set_client = @saved_cs_client */;

--
-- Dumping data for table `class_has_student`
--

LOCK TABLES `class_has_student` WRITE;
/*!40000 ALTER TABLE `class_has_student` DISABLE KEYS */;
INSERT INTO `class_has_student` VALUES (1,1,124,7),(1,3,1000,7),(1,4,1001,7),(1,5,1002,7),(1,6,1003,7),(1,7,1004,7),(1,8,1005,7),(1,9,1006,7),(1,10,1007,7),(1,11,1008,7),(1,12,1009,7),(1,13,1010,7),(1,14,1011,7),(1,15,1012,7),(1,16,1013,7),(1,17,1014,7),(1,18,1015,7),(1,19,1016,7),(1,20,1017,7),(1,21,1018,7),(1,22,1019,7),(1,23,1020,7),(1,24,1021,7),(1,25,1022,7),(1,26,1023,7),(1,27,1024,7),(1,28,1025,7),(1,29,1026,7),(1,30,1027,7),(1,31,1028,7),(1,32,1029,7),(1,33,1030,7),(1,34,1031,7),(1,35,1032,7),(1,36,1033,7),(1,37,1034,7),(1,38,1035,7),(1,39,1036,7),(1,40,1037,7),(1,41,1038,7),(1,42,1039,7),(1,43,1040,7),(1,44,1041,7),(1,45,1042,7),(1,46,1043,7),(1,47,1044,7),(1,48,1045,7),(1,49,1046,7),(1,50,1047,7),(1,51,1048,7),(1,52,1049,7),(1,53,1050,7),(1,54,1051,7),(1,55,1052,7),(1,56,1053,7),(1,57,1054,7),(1,58,1055,7),(1,59,1056,7),(1,60,1057,7),(1,61,1058,7),(1,62,1059,7),(1,63,1060,7),(1,64,1061,7),(1,65,1062,7),(1,66,1063,7),(1,67,1064,7),(1,68,1065,7),(1,69,1066,7),(1,70,1067,7),(1,71,1068,7),(1,72,1069,7),(1,73,1070,7),(1,74,1071,7),(1,75,1072,7),(1,76,1073,7),(1,77,1074,7),(1,78,1075,7),(1,79,1076,7),(1,80,1077,7),(1,81,1078,7),(1,82,1079,7),(1,83,1080,7),(1,84,1081,7),(1,85,1082,7),(1,86,1083,7),(1,87,1084,7),(1,88,1085,7),(1,89,1086,7),(1,90,1087,7),(1,91,1088,7),(1,92,1089,7),(1,93,1090,7),(1,94,1091,7),(1,95,1092,7),(1,96,1093,7),(1,97,1094,7),(1,98,1095,7),(1,99,1096,7),(1,100,1097,7),(1,101,1098,7),(1,102,1099,7),(1,103,1100,7),(1,104,1101,7),(1,105,1102,7),(1,106,1103,7),(1,107,1104,7),(1,108,1105,7),(1,109,1106,7),(1,110,1107,7),(1,111,1108,7),(1,112,1109,7),(1,113,1110,7),(1,114,1111,7),(1,115,1112,7),(1,116,1113,7),(1,117,1114,7),(1,118,1115,7),(1,119,1116,7),(1,120,1117,7),(1,121,1118,7),(1,122,1119,7),(1,123,1120,7),(1,124,1121,7),(1,125,1122,7),(1,126,1123,7),(1,127,1124,7),(1,128,1125,7),(1,129,1126,7),(1,130,1127,7),(1,131,1128,7),(1,132,1129,7),(1,133,1130,7),(1,134,1131,7),(1,135,1132,7),(1,136,1133,7),(1,137,1134,7),(1,138,1135,7),(1,139,1136,7),(1,140,1137,7),(1,141,1138,7),(1,142,1139,7),(1,143,1140,7),(1,144,1141,7),(1,145,1142,7),(1,146,1143,7),(1,147,1144,7),(1,148,1145,7),(1,149,1146,7),(1,150,1147,7),(1,151,1148,7),(1,152,1149,7),(1,153,1150,7),(1,154,1151,7),(1,155,1152,7),(1,156,1153,7),(1,157,1154,7),(1,158,1155,7),(1,159,1156,7),(1,160,1157,7),(1,161,1158,7),(1,162,1159,7),(1,163,1160,7),(1,164,1161,7),(1,165,1162,7),(1,166,1163,7),(1,167,1164,7),(1,168,1165,7),(1,169,1166,7),(1,170,1167,7),(1,171,1168,7),(1,172,1169,7),(1,173,1170,7),(1,174,1171,7),(1,175,1172,7),(1,176,1173,7),(1,177,1174,7),(1,178,1175,7),(1,179,1176,7),(1,180,1177,7),(1,181,1178,7),(1,182,1179,7),(1,183,1180,7),(1,184,1181,7),(1,185,1182,7),(1,186,1183,7),(1,187,1184,7),(1,188,1185,7),(1,189,1186,7),(1,190,1187,7),(1,191,1188,7),(1,192,1189,7),(1,193,1190,7),(1,194,1191,7),(1,195,1192,7),(1,196,1193,7),(1,197,1194,7),(1,198,1195,7),(1,199,1196,7),(1,200,1197,7),(1,201,1198,7),(1,202,1199,7),(1,203,1200,7),(1,204,1201,7),(1,205,1202,7),(1,206,1203,7),(1,207,1204,7),(1,208,1205,7),(1,209,1206,7),(1,210,1207,7),(1,211,1208,7),(1,212,1209,7),(1,213,1210,7),(1,214,1211,7),(1,215,1212,7),(1,216,1213,7),(1,217,1214,7),(1,218,1215,7),(1,219,1216,7),(1,220,1217,7),(1,221,1218,7),(1,222,1219,7),(1,223,1220,7),(1,224,1221,7),(1,225,1222,7),(1,226,1223,7),(1,227,1224,7),(1,228,1225,7),(1,229,1226,7),(1,230,1227,7),(1,231,1228,7),(1,232,1229,7),(1,233,1230,7),(1,234,1231,7),(1,235,1232,7),(1,236,1233,7),(1,237,1234,7),(1,238,1235,7),(1,239,1236,7),(1,240,1237,7),(1,241,1238,7),(1,242,1239,7),(1,243,1240,7),(1,244,1241,7),(1,245,1242,7),(1,246,1243,7),(1,247,1244,7),(1,248,1245,7),(1,249,1246,7),(1,250,1247,7),(1,251,1248,7),(1,252,1249,7),(1,253,1250,7),(1,254,1251,7),(1,255,1252,7),(1,256,1253,7),(1,257,1254,7),(1,258,1255,7),(1,259,1256,7),(1,260,1257,7),(1,261,1258,7),(1,262,1259,7),(1,263,1260,7),(1,264,1261,7),(1,265,1262,7),(1,266,1263,7),(1,267,1264,7),(1,268,1265,7),(1,269,1266,7),(1,270,1267,7),(1,271,1268,7),(1,272,1269,7),(1,273,1270,7),(1,274,1271,7),(1,275,1272,7),(1,276,1273,7),(1,277,1274,7),(1,278,1275,7),(1,279,1276,7),(1,280,1277,7),(1,281,1278,7),(1,282,1279,7),(1,283,1280,7),(1,284,1281,7),(1,285,1282,7),(1,286,1283,7),(1,287,1284,7),(1,288,1285,7),(1,289,1286,7),(1,290,1287,7),(1,291,1288,7),(1,292,1289,7),(1,293,1290,7),(1,294,1291,7),(1,295,1292,7),(1,296,1293,7),(1,297,1294,7),(1,298,1295,7),(1,299,1296,7),(1,300,1297,7),(1,301,1298,7),(1,302,1299,7),(1,303,1300,7),(1,304,1301,7),(1,305,1302,7),(1,306,1303,7),(1,307,1304,7),(1,308,1305,7),(1,309,1306,7),(1,310,1307,7),(1,311,1308,7),(1,312,1309,7),(1,313,1310,7),(1,314,1311,7),(1,315,1312,7),(1,316,1313,7),(1,317,1314,7),(1,318,1315,7),(1,319,1316,7),(1,320,1317,7),(1,321,1318,7),(1,322,1319,7),(1,323,1320,7),(1,324,1321,7),(1,325,1322,7),(1,326,1323,7),(1,327,1324,7),(1,328,1325,7),(1,329,1326,7),(1,330,1327,7),(1,331,1328,7),(1,332,1329,7),(1,333,1330,7),(1,334,1331,7),(1,335,1332,7),(1,336,1333,7),(1,337,1334,7),(1,338,1335,7),(1,339,1336,7),(1,340,1337,7),(1,341,1338,7),(1,342,1339,7),(1,343,1340,7),(1,344,1341,7),(1,345,1342,7),(1,346,1343,7),(1,347,1344,7),(1,348,1345,7),(1,349,1346,7),(1,350,1347,7),(1,351,1348,7),(1,352,1349,7),(1,353,1350,7),(1,354,1351,7),(1,355,1352,7),(1,356,1353,7),(1,357,1354,7),(1,358,1355,7),(1,359,1356,7),(1,360,1357,7),(1,361,1358,7),(1,362,1359,7),(1,363,1360,7),(1,364,1361,7),(1,365,1362,7),(1,366,1363,7),(1,367,1364,7),(1,368,1365,7),(1,369,1366,7),(1,370,1367,7),(1,371,1368,7),(1,372,1369,7),(1,373,1370,7),(1,374,1371,7),(1,375,1372,7),(1,376,1373,7),(1,377,1374,7),(1,378,1375,7),(1,379,1376,7),(1,380,1377,7),(1,381,1378,7),(1,382,1379,7),(1,383,1380,7),(1,384,1381,7),(1,385,1382,7),(1,386,1383,7),(1,387,1384,7),(1,388,1385,7),(1,389,1386,7),(1,390,1387,7),(1,391,1388,7),(1,392,1389,7),(1,393,1390,7),(1,394,1391,7),(1,395,1392,7),(1,396,1393,7),(1,397,1394,7),(1,398,1395,7),(1,399,1396,7),(1,400,1397,7),(1,401,1398,7),(1,402,1399,7),(1,403,1400,7),(1,404,1401,7),(1,405,1402,7),(1,406,1403,7),(1,407,1404,7),(1,408,1405,7),(1,409,1406,7),(1,410,1407,7),(1,411,1408,7),(1,412,1409,7),(1,413,1410,7),(1,414,1411,7),(1,415,1412,7),(1,416,1413,7),(1,417,1414,7),(1,418,1415,7),(1,419,1416,7),(1,420,1417,7),(1,421,1418,7),(1,422,1419,7),(1,423,1420,7),(1,424,1421,7),(1,425,1422,7),(1,426,1423,7),(1,427,1424,7),(1,428,1425,7),(1,429,1426,7),(1,430,1427,7),(1,431,1428,7),(1,432,1429,7),(1,433,1430,7),(1,434,1431,7),(1,435,1432,7),(1,436,1433,7),(1,437,1434,7),(1,438,1435,7),(1,439,1436,7),(1,440,1437,7),(1,441,1438,7),(1,442,1439,7),(1,443,1440,7),(1,444,1441,7),(1,445,1442,7),(1,446,1443,7),(1,447,1444,7),(1,448,1445,7),(1,449,1446,7),(1,450,1447,7),(1,451,1448,7),(1,452,1449,7),(1,453,1450,7),(1,454,1451,7),(1,455,1452,7),(1,456,1453,7),(1,457,1454,7),(1,458,1455,7),(1,459,1456,7),(1,460,1457,7),(1,461,1458,7),(1,462,1459,7),(1,463,1460,7),(1,464,1461,7),(1,465,1462,7),(1,466,1463,7),(1,467,1464,7),(1,468,1465,7),(1,469,1466,7),(1,470,1467,7),(1,471,1468,7),(1,472,1469,7),(1,473,1470,7),(1,474,1471,7),(1,475,1472,7),(1,476,1473,7),(1,477,1474,7),(1,478,1475,7),(1,479,1476,7),(1,480,1477,7),(1,481,1478,7),(1,482,1479,7),(1,483,1480,7),(1,484,1481,7),(1,485,1482,7),(1,486,1483,7),(1,487,1484,7),(1,488,1485,7),(1,489,1486,7),(1,490,1487,7),(1,491,1488,7),(1,492,1489,7),(1,493,1490,7),(1,494,1491,7),(1,495,1492,7),(1,496,1493,7),(1,497,1494,7),(1,498,1495,7),(1,499,1496,7),(1,500,1497,7),(1,501,1498,7),(1,502,1499,7),(1,503,1500,7),(1,504,1501,7),(1,505,1502,7),(1,506,1503,7),(1,507,1504,7),(1,508,1505,7),(1,509,1506,7),(1,510,1507,7),(1,511,1508,7),(1,512,1509,7),(1,513,1510,7),(1,514,1511,7),(1,515,1512,7),(1,516,1513,7),(1,517,1514,7),(1,518,1515,7),(1,519,1516,7),(1,520,1517,7),(1,521,1518,7),(1,522,1519,7),(1,523,1520,7),(1,524,1521,7),(1,525,1522,7),(1,526,1523,7),(1,527,1524,7),(1,528,1525,7),(1,529,1526,7),(1,530,1527,7),(1,531,1528,7),(1,532,1529,7),(1,533,1530,7),(1,534,1531,7),(1,535,1532,7),(1,536,1533,7),(1,537,1534,7),(1,538,1535,7),(1,539,1536,7),(1,540,1537,7),(1,541,1538,7),(1,542,1539,7),(1,543,1540,7),(1,544,1541,7),(1,545,1542,7),(1,546,1543,7),(1,547,1544,7),(1,548,1545,7),(1,549,1546,7),(1,550,1547,7),(1,551,1548,7),(1,552,1549,7),(1,553,1550,7),(1,554,1551,7),(1,555,1552,7),(1,556,1553,7),(1,557,1554,7),(1,558,1555,7),(1,559,1556,7),(1,560,1557,7),(1,561,1558,7),(1,562,1559,7),(1,563,1560,7),(1,564,1561,7),(1,565,1562,7),(1,566,1563,7),(1,567,1564,7),(1,568,1565,7),(1,569,1566,7),(1,570,1567,7),(1,571,1568,7),(1,572,1569,7),(1,573,1570,7),(1,574,1571,7),(1,575,1572,7),(1,576,1573,7),(1,577,1574,7),(1,578,1575,7),(1,579,1576,7),(1,580,1577,7),(1,581,1578,7),(1,582,1579,7),(1,583,1580,7),(1,584,1581,7),(1,585,1582,7),(1,586,1583,7),(1,587,1584,7),(1,588,1585,7),(1,589,1586,7),(1,590,1587,7),(1,591,1588,7),(1,592,1589,7),(1,593,1590,7),(1,594,1591,7),(1,595,1592,7),(1,596,1593,7),(1,597,1594,7),(1,598,1595,7),(1,599,1596,7),(1,600,1597,7),(1,601,1598,7),(1,602,1599,7),(1,603,1600,7),(1,604,1601,7),(1,605,1602,7),(1,606,1603,7),(1,607,1604,7),(1,608,1605,7),(1,609,1606,7),(1,610,1607,7),(1,611,1608,7),(1,612,1609,7),(1,613,1610,7),(1,614,1611,7),(1,615,1612,7),(1,616,1613,7),(1,617,1614,7),(1,618,1615,7),(1,619,1616,7),(1,620,1617,7),(1,621,1618,7),(1,622,1619,7),(1,623,1620,7),(1,624,1621,7),(1,625,1622,7),(1,626,1623,7),(1,627,1624,7),(1,628,1625,7),(1,629,1626,7),(1,630,1627,7),(1,631,1628,7),(1,632,1629,7),(1,633,1630,7),(1,634,1631,7),(1,635,1632,7),(1,636,1633,7),(1,637,1634,7),(1,638,1635,7),(1,639,1636,7),(1,640,1637,7),(1,641,1638,7),(1,642,1639,7),(1,643,1640,7),(1,644,1641,7),(1,645,1642,7),(1,646,1643,7),(1,647,1644,7),(1,648,1645,7),(1,649,1646,7),(1,650,1647,7),(1,651,1648,7),(1,652,1649,7),(1,653,1650,7),(1,654,1651,7),(1,655,1652,7),(1,656,1653,7),(1,657,1654,7),(1,658,1655,7),(1,659,1656,7),(1,660,1657,7),(1,661,1658,7),(1,662,1659,7),(1,663,1660,7),(1,664,1661,7),(1,665,1662,7),(1,666,1663,7),(1,667,1664,7),(1,668,1665,7),(1,669,1666,7),(1,670,1667,7),(1,671,1668,7),(1,672,1669,7),(1,673,1670,7),(1,674,1671,7),(1,675,1672,7),(1,676,1673,7),(1,677,1674,7),(1,678,1675,7),(1,679,1676,7),(1,680,1677,7),(1,681,1678,7),(1,682,1679,7),(1,683,1680,7),(1,684,1681,7),(1,685,1682,7),(1,686,1683,7),(1,687,1684,7),(1,688,1685,7),(1,689,1686,7),(1,690,1687,7),(1,691,1688,7),(1,692,1689,7),(1,693,1690,7),(1,694,1691,7),(1,695,1692,7),(1,696,1693,7),(1,697,1694,7),(1,698,1695,7),(1,699,1696,7),(1,700,1697,7),(1,701,1698,7),(1,702,1699,7),(1,703,1700,7),(1,704,1701,7),(1,705,1702,7),(1,706,1703,7),(1,707,1704,7),(1,708,1705,7),(1,709,1706,7),(1,710,1707,7),(1,711,1708,7),(1,712,1709,7),(1,713,1710,7),(1,714,1711,7),(1,715,1712,7),(1,716,1713,7),(1,717,1714,7),(1,718,1715,7),(1,719,1716,7),(1,720,1717,7),(1,721,1718,7),(1,722,1719,7),(1,723,1720,7),(1,724,1721,7),(1,725,1722,7),(1,726,1723,7),(1,727,1724,7),(1,728,1725,7),(1,729,1726,7),(1,730,1727,7),(1,731,1728,7),(1,732,1729,7),(1,733,1730,7),(1,734,1731,7),(1,735,1732,7),(1,736,1733,7),(1,737,1734,7),(1,738,1735,7),(1,739,1736,7),(1,740,1737,7),(1,741,1738,7),(1,742,1739,7),(1,743,1740,7),(1,744,1741,7),(1,745,1742,7),(1,746,1743,7),(1,747,1744,7),(1,748,1745,7),(1,749,1746,7),(1,750,1747,7),(1,751,1748,7),(1,752,1749,7),(1,753,1750,7),(1,754,1751,7),(1,755,1752,7),(1,756,1753,7),(1,757,1754,7),(1,758,1755,7),(1,759,1756,7),(1,760,1757,7),(1,761,1758,7),(1,762,1759,7),(1,763,1760,7),(1,764,1761,7),(1,765,1762,7),(1,766,1763,7),(1,767,1764,7),(1,768,1765,7),(1,769,1766,7),(1,770,1767,7),(1,771,1768,7),(1,772,1769,7),(1,773,1770,7),(1,774,1771,7),(1,775,1772,7),(1,776,1773,7),(1,777,1774,7),(1,778,1775,7),(1,779,1776,7),(1,780,1777,7),(1,781,1778,7),(1,782,1779,7),(1,783,1780,7),(1,784,1781,7),(1,785,1782,7),(1,786,1783,7),(1,787,1784,7),(1,788,1785,7),(1,789,1786,7),(1,790,1787,7),(1,791,1788,7),(1,792,1789,7),(1,793,1790,7),(1,794,1791,7),(1,795,1792,7),(1,796,1793,7),(1,797,1794,7),(1,798,1795,7),(1,799,1796,7),(1,800,1797,7),(1,801,1798,7),(1,802,1799,7),(1,803,1800,7),(1,804,1801,7),(1,805,1802,7),(1,806,1803,7),(1,807,1804,7),(1,808,1805,7),(1,809,1806,7),(1,810,1807,7),(1,811,1808,7),(1,812,1809,7),(1,813,1810,7),(1,814,1811,7),(1,815,1812,7),(1,816,1813,7),(1,817,1814,7),(1,818,1815,7),(1,819,1816,7),(1,820,1817,7),(1,821,1818,7),(1,822,1819,7),(1,823,1820,7),(1,824,1821,7),(1,825,1822,7),(1,826,1823,7),(1,827,1824,7),(1,828,1825,7),(1,829,1826,7),(1,830,1827,7),(1,831,1828,7),(1,832,1829,7),(1,833,1830,7),(1,834,1831,7),(1,835,1832,7),(1,836,1833,7),(1,837,1834,7),(1,838,1835,7),(1,839,1836,7),(1,840,1837,7),(1,841,1838,7),(1,842,1839,7),(1,843,1840,7),(1,844,1841,7),(1,845,1842,7),(1,846,1843,7),(1,847,1844,7),(1,848,1845,7),(1,849,1846,7),(1,850,1847,7),(1,851,1848,7),(1,852,1849,7),(1,853,1850,7),(1,854,1851,7),(1,855,1852,7),(1,856,1853,7),(1,857,1854,7),(1,858,1855,7),(1,859,1856,7),(1,860,1857,7),(1,861,1858,7),(1,862,1859,7),(1,863,1860,7),(1,864,1861,7),(1,865,1862,7),(1,866,1863,7),(1,867,1864,7),(1,868,1865,7),(1,869,1866,7),(1,870,1867,7),(1,871,1868,7),(1,872,1869,7),(1,873,1870,7),(1,874,1871,7),(1,875,1872,7),(1,876,1873,7),(1,877,1874,7),(1,878,1875,7),(1,879,1876,7),(1,880,1877,7),(1,881,1878,7),(1,882,1879,7),(1,883,1880,7),(1,884,1881,7),(1,885,1882,7),(1,886,1883,7),(1,887,1884,7),(1,888,1885,7),(1,889,1886,7),(1,890,1887,7),(1,891,1888,7),(1,892,1889,7),(1,893,1890,7),(1,894,1891,7),(1,895,1892,7),(1,896,1893,7),(1,897,1894,7),(1,898,1895,7),(1,899,1896,7),(1,900,1897,7),(1,901,1898,7),(1,902,1899,7),(1,903,1900,7),(1,904,1901,7),(1,905,1902,7),(1,906,1903,7),(1,907,1904,7),(1,908,1905,7),(1,909,1906,7),(1,910,1907,7),(1,911,1908,7),(1,912,1909,7),(1,913,1910,7),(1,914,1911,7),(1,915,1912,7),(1,916,1913,7),(1,917,1914,7),(1,918,1915,7),(1,919,1916,7),(1,920,1917,7),(1,921,1918,7),(1,922,1919,7),(1,923,1920,7),(1,924,1921,7),(1,925,1922,7),(1,926,1923,7),(1,927,1924,7),(1,928,1925,7),(1,929,1926,7),(1,930,1927,7),(1,931,1928,7),(1,932,1929,7),(1,933,1930,7),(1,934,1931,7),(1,935,1932,7),(1,936,1933,7),(1,937,1934,7),(1,938,1935,7),(1,939,1936,7),(1,940,1937,7),(1,941,1938,7),(1,942,1939,7),(1,943,1940,7),(1,944,1941,7),(1,945,1942,7),(1,946,1943,7),(1,947,1944,7),(1,948,1945,7),(1,949,1946,7),(1,950,1947,7),(1,951,1948,7),(1,952,1949,7),(1,953,1950,7),(1,954,1951,7),(1,955,1952,7),(1,956,1953,7),(1,957,1954,7),(1,958,1955,7),(1,959,1956,7),(1,960,1957,7),(1,961,1958,7),(1,962,1959,7),(1,963,1960,7),(1,964,1961,7),(1,965,1962,7),(1,966,1963,7),(1,967,1964,7),(1,968,1965,7),(1,969,1966,7),(1,970,1967,7),(1,971,1968,7),(1,972,1969,7),(1,973,1970,7),(1,974,1971,7),(1,975,1972,7),(1,976,1973,7),(1,977,1974,7),(1,978,1975,7),(1,979,1976,7),(1,980,1977,7),(1,981,1978,7),(1,982,1979,7),(1,983,1980,7),(1,984,1981,7),(1,985,1982,7),(1,986,1983,7),(1,987,1984,7),(1,988,1985,7),(1,989,1986,7),(1,990,1987,7),(1,991,1988,7),(1,992,1989,7),(1,993,1990,7),(1,994,1991,7),(1,995,1992,7),(1,996,1993,7),(1,997,1994,7),(1,998,1995,7),(1,999,1996,7),(2,3,1000,7),(2,4,1001,7),(2,5,1002,7),(2,6,1003,7),(2,7,1004,7),(2,8,1005,7),(2,9,1006,7),(2,10,1007,7),(2,11,1008,7),(2,12,1009,7),(2,13,1010,7),(2,14,1011,7),(2,15,1012,7),(2,16,1013,7),(2,17,1014,7),(2,18,1015,7),(2,19,1016,7),(2,20,1017,7),(2,21,1018,7),(2,22,1019,7),(2,23,1020,7),(2,24,1021,7),(2,25,1022,7),(2,26,1023,7),(2,27,1024,7),(2,28,1025,7),(2,29,1026,7),(2,30,1027,7),(2,31,1028,7),(2,32,1029,7),(2,33,1030,7),(2,34,1031,7),(2,35,1032,7),(2,36,1033,7),(2,37,1034,7),(2,38,1035,7),(2,39,1036,7),(2,40,1037,7),(2,41,1038,7),(2,42,1039,7),(2,43,1040,7),(2,44,1041,7),(2,45,1042,7),(2,46,1043,7),(2,47,1044,7),(2,48,1045,7),(2,49,1046,7),(2,50,1047,7),(2,51,1048,7),(2,52,1049,7),(2,53,1050,7),(2,54,1051,7),(2,55,1052,7),(2,56,1053,7),(2,57,1054,7),(2,58,1055,7),(2,59,1056,7),(2,60,1057,7),(2,61,1058,7),(2,62,1059,7),(2,63,1060,7),(2,64,1061,7),(2,65,1062,7),(2,66,1063,7),(2,67,1064,7),(2,68,1065,7),(2,69,1066,7),(2,70,1067,7),(2,71,1068,7),(2,72,1069,7),(2,73,1070,7),(2,74,1071,7),(2,75,1072,7),(2,76,1073,7),(2,77,1074,7),(2,78,1075,7),(2,79,1076,7),(2,80,1077,7),(2,81,1078,7),(2,82,1079,7),(2,83,1080,7),(2,84,1081,7),(2,85,1082,7),(2,86,1083,7),(2,87,1084,7),(2,88,1085,7),(2,89,1086,7),(2,90,1087,7),(2,91,1088,7),(2,92,1089,7),(2,93,1090,7),(2,94,1091,7),(2,95,1092,7),(2,96,1093,7),(2,97,1094,7),(2,98,1095,7),(2,99,1096,7),(2,100,1097,7),(2,101,1098,7),(2,102,1099,7),(2,103,1100,7),(2,104,1101,7),(2,105,1102,7),(2,106,1103,7),(2,107,1104,7),(2,108,1105,7),(2,109,1106,7),(2,110,1107,7),(2,111,1108,7),(2,112,1109,7),(2,113,1110,7),(2,114,1111,7),(2,115,1112,7),(2,116,1113,7),(2,117,1114,7),(2,118,1115,7),(2,119,1116,7),(2,120,1117,7),(2,121,1118,7),(2,122,1119,7),(2,123,1120,7),(2,124,1121,7),(2,125,1122,7),(2,126,1123,7),(2,127,1124,7),(2,128,1125,7),(2,129,1126,7),(2,130,1127,7),(2,131,1128,7),(2,132,1129,7),(2,133,1130,7),(2,134,1131,7),(2,135,1132,7),(2,136,1133,7),(2,137,1134,7),(2,138,1135,7),(2,139,1136,7),(2,140,1137,7),(2,141,1138,7),(2,142,1139,7),(2,143,1140,7),(2,144,1141,7),(2,145,1142,7),(2,146,1143,7),(2,147,1144,7),(2,148,1145,7),(2,149,1146,7),(2,150,1147,7),(2,151,1148,7),(2,152,1149,7),(2,153,1150,7),(2,154,1151,7),(2,155,1152,7),(2,156,1153,7),(2,157,1154,7),(2,158,1155,7),(2,159,1156,7),(2,160,1157,7),(2,161,1158,7),(2,162,1159,7),(2,163,1160,7),(2,164,1161,7),(2,165,1162,7),(2,166,1163,7),(2,167,1164,7),(2,168,1165,7),(2,169,1166,7),(2,170,1167,7),(2,171,1168,7),(2,172,1169,7),(2,173,1170,7),(2,174,1171,7),(2,175,1172,7),(2,176,1173,7),(2,177,1174,7),(2,178,1175,7),(2,179,1176,7),(2,180,1177,7),(2,181,1178,7),(2,182,1179,7),(2,183,1180,7),(2,184,1181,7),(2,185,1182,7),(2,186,1183,7),(2,187,1184,7),(2,188,1185,7),(2,189,1186,7),(2,190,1187,7),(2,191,1188,7),(2,192,1189,7),(2,193,1190,7),(2,194,1191,7),(2,195,1192,7),(2,196,1193,7),(2,197,1194,7),(2,198,1195,7),(2,199,1196,7),(2,200,1197,7),(2,201,1198,7),(2,202,1199,7),(2,203,1200,7),(2,204,1201,7),(2,205,1202,7),(2,206,1203,7),(2,207,1204,7),(2,208,1205,7),(2,209,1206,7),(2,210,1207,7),(2,211,1208,7),(2,212,1209,7),(2,213,1210,7),(2,214,1211,7),(2,215,1212,7),(2,216,1213,7),(2,217,1214,7),(2,218,1215,7),(2,219,1216,7),(2,220,1217,7),(2,221,1218,7),(2,222,1219,7),(2,223,1220,7),(2,224,1221,7),(2,225,1222,7),(2,226,1223,7),(2,227,1224,7),(2,228,1225,7),(2,229,1226,7),(2,230,1227,7),(2,231,1228,7),(2,232,1229,7),(2,233,1230,7),(2,234,1231,7),(2,235,1232,7),(2,236,1233,7),(2,237,1234,7),(2,238,1235,7),(2,239,1236,7),(2,240,1237,7),(2,241,1238,7),(2,242,1239,7),(2,243,1240,7),(2,244,1241,7),(2,245,1242,7),(2,246,1243,7),(2,247,1244,7),(2,248,1245,7),(2,249,1246,7),(2,250,1247,7),(2,251,1248,7),(2,252,1249,7),(2,253,1250,7),(2,254,1251,7),(2,255,1252,7),(2,256,1253,7),(2,257,1254,7),(2,258,1255,7),(2,259,1256,7),(2,260,1257,7),(2,261,1258,7),(2,262,1259,7),(2,263,1260,7),(2,264,1261,7),(2,265,1262,7),(2,266,1263,7),(2,267,1264,7),(2,268,1265,7),(2,269,1266,7),(2,270,1267,7),(2,271,1268,7),(2,272,1269,7),(2,273,1270,7),(2,274,1271,7),(2,275,1272,7),(2,276,1273,7),(2,277,1274,7),(2,278,1275,7),(2,279,1276,7),(2,280,1277,7),(2,281,1278,7),(2,282,1279,7),(2,283,1280,7),(2,284,1281,7),(2,285,1282,7),(2,286,1283,7),(2,287,1284,7),(2,288,1285,7),(2,289,1286,7),(2,290,1287,7),(2,291,1288,7),(2,292,1289,7),(2,293,1290,7),(2,294,1291,7),(2,295,1292,7),(2,296,1293,7),(2,297,1294,7),(2,298,1295,7),(2,299,1296,7),(2,300,1297,7),(2,301,1298,7),(2,302,1299,7),(2,303,1300,7),(2,304,1301,7),(2,305,1302,7),(2,306,1303,7),(2,307,1304,7),(2,308,1305,7),(2,309,1306,7),(2,310,1307,7),(2,311,1308,7),(2,312,1309,7),(2,313,1310,7),(2,314,1311,7),(2,315,1312,7),(2,316,1313,7),(2,317,1314,7),(2,318,1315,7),(2,319,1316,7),(2,320,1317,7),(2,321,1318,7),(2,322,1319,7),(2,323,1320,7),(2,324,1321,7),(2,325,1322,7),(2,326,1323,7),(2,327,1324,7),(2,328,1325,7),(2,329,1326,7),(2,330,1327,7),(2,331,1328,7),(2,332,1329,7),(2,333,1330,7),(2,334,1331,7),(2,335,1332,7),(2,336,1333,7),(2,337,1334,7),(2,338,1335,7),(2,339,1336,7),(2,340,1337,7),(2,341,1338,7),(2,342,1339,7),(2,343,1340,7),(2,344,1341,7),(2,345,1342,7),(2,346,1343,7),(2,347,1344,7),(2,348,1345,7),(2,349,1346,7),(2,350,1347,7),(2,351,1348,7),(2,352,1349,7),(2,353,1350,7),(2,354,1351,7),(2,355,1352,7),(2,356,1353,7),(2,357,1354,7),(2,358,1355,7),(2,359,1356,7),(2,360,1357,7),(2,361,1358,7),(2,362,1359,7),(2,363,1360,7),(2,364,1361,7),(2,365,1362,7),(2,366,1363,7),(2,367,1364,7),(2,368,1365,7),(2,369,1366,7),(2,370,1367,7),(2,371,1368,7),(2,372,1369,7),(2,373,1370,7),(2,374,1371,7),(2,375,1372,7),(2,376,1373,7),(2,377,1374,7),(2,378,1375,7),(2,379,1376,7),(2,380,1377,7),(2,381,1378,7),(2,382,1379,7),(2,383,1380,7),(2,384,1381,7),(2,385,1382,7),(2,386,1383,7),(2,387,1384,7),(2,388,1385,7),(2,389,1386,7),(2,390,1387,7),(2,391,1388,7),(2,392,1389,7),(2,393,1390,7),(2,394,1391,7),(2,395,1392,7),(2,396,1393,7),(2,397,1394,7),(2,398,1395,7),(2,399,1396,7),(2,400,1397,7),(2,401,1398,7),(2,402,1399,7),(2,403,1400,7),(2,404,1401,7),(2,405,1402,7),(2,406,1403,7),(2,407,1404,7),(2,408,1405,7),(2,409,1406,7),(2,410,1407,7),(2,411,1408,7),(2,412,1409,7),(2,413,1410,7),(2,414,1411,7),(2,415,1412,7),(2,416,1413,7),(2,417,1414,7),(2,418,1415,7),(2,419,1416,7),(2,420,1417,7),(2,421,1418,7),(2,422,1419,7),(2,423,1420,7),(2,424,1421,7),(2,425,1422,7),(2,426,1423,7),(2,427,1424,7),(2,428,1425,7),(2,429,1426,7),(2,430,1427,7),(2,431,1428,7),(2,432,1429,7),(2,433,1430,7),(2,434,1431,7),(2,435,1432,7),(2,436,1433,7),(2,437,1434,7),(2,438,1435,7),(2,439,1436,7),(2,440,1437,7),(2,441,1438,7),(2,442,1439,7),(2,443,1440,7),(2,444,1441,7),(2,445,1442,7),(2,446,1443,7),(2,447,1444,7),(2,448,1445,7),(2,449,1446,7),(2,450,1447,7),(2,451,1448,7),(2,452,1449,7),(2,453,1450,7),(2,454,1451,7),(2,455,1452,7),(2,456,1453,7),(2,457,1454,7),(2,458,1455,7),(2,459,1456,7),(2,460,1457,7),(2,461,1458,7),(2,462,1459,7),(2,463,1460,7),(2,464,1461,7),(2,465,1462,7),(2,466,1463,7),(2,467,1464,7),(2,468,1465,7),(2,469,1466,7),(2,470,1467,7),(2,471,1468,7),(2,472,1469,7),(2,473,1470,7),(2,474,1471,7),(2,475,1472,7),(2,476,1473,7),(2,477,1474,7),(2,478,1475,7),(2,479,1476,7),(2,480,1477,7),(2,481,1478,7),(2,482,1479,7),(2,483,1480,7),(2,484,1481,7),(2,485,1482,7),(2,486,1483,7),(2,487,1484,7),(2,488,1485,7),(2,489,1486,7),(2,490,1487,7),(2,491,1488,7),(2,492,1489,7),(2,493,1490,7),(2,494,1491,7),(2,495,1492,7),(2,496,1493,7),(2,497,1494,7),(2,498,1495,7),(2,499,1496,7),(2,500,1497,7),(2,501,1498,7),(2,502,1499,7),(2,503,1500,7),(2,504,1501,7),(2,505,1502,7),(2,506,1503,7),(2,507,1504,7),(2,508,1505,7),(2,509,1506,7),(2,510,1507,7),(2,511,1508,7),(2,512,1509,7),(2,513,1510,7),(2,514,1511,7),(2,515,1512,7),(2,516,1513,7),(2,517,1514,7),(2,518,1515,7),(2,519,1516,7),(2,520,1517,7),(2,521,1518,7),(2,522,1519,7),(2,523,1520,7),(2,524,1521,7),(2,525,1522,7),(2,526,1523,7),(2,527,1524,7),(2,528,1525,7),(2,529,1526,7),(2,530,1527,7),(2,531,1528,7),(2,532,1529,7),(2,533,1530,7),(2,534,1531,7),(2,535,1532,7),(2,536,1533,7),(2,537,1534,7),(2,538,1535,7),(2,539,1536,7),(2,540,1537,7),(2,541,1538,7),(2,542,1539,7),(2,543,1540,7),(2,544,1541,7),(2,545,1542,7),(2,546,1543,7),(2,547,1544,7),(2,548,1545,7),(2,549,1546,7),(2,550,1547,7),(2,551,1548,7),(2,552,1549,7),(2,553,1550,7),(2,554,1551,7),(2,555,1552,7),(2,556,1553,7),(2,557,1554,7),(2,558,1555,7),(2,559,1556,7),(2,560,1557,7),(2,561,1558,7),(2,562,1559,7),(2,563,1560,7),(2,564,1561,7),(2,565,1562,7),(2,566,1563,7),(2,567,1564,7),(2,568,1565,7),(2,569,1566,7),(2,570,1567,7),(2,571,1568,7),(2,572,1569,7),(2,573,1570,7),(2,574,1571,7),(2,575,1572,7),(2,576,1573,7),(2,577,1574,7),(2,578,1575,7),(2,579,1576,7),(2,580,1577,7),(2,581,1578,7),(2,582,1579,7),(2,583,1580,7),(2,584,1581,7),(2,585,1582,7),(2,586,1583,7),(2,587,1584,7),(2,588,1585,7),(2,589,1586,7),(2,590,1587,7),(2,591,1588,7),(2,592,1589,7),(2,593,1590,7),(2,594,1591,7),(2,595,1592,7),(2,596,1593,7),(2,597,1594,7),(2,598,1595,7),(2,599,1596,7),(2,600,1597,7),(2,601,1598,7),(2,602,1599,7),(2,603,1600,7),(2,604,1601,7),(2,605,1602,7),(2,606,1603,7),(2,607,1604,7),(2,608,1605,7),(2,609,1606,7),(2,610,1607,7),(2,611,1608,7),(2,612,1609,7),(2,613,1610,7),(2,614,1611,7),(2,615,1612,7),(2,616,1613,7),(2,617,1614,7),(2,618,1615,7),(2,619,1616,7),(2,620,1617,7),(2,621,1618,7),(2,622,1619,7),(2,623,1620,7),(2,624,1621,7),(2,625,1622,7),(2,626,1623,7),(2,627,1624,7),(2,628,1625,7),(2,629,1626,7),(2,630,1627,7),(2,631,1628,7),(2,632,1629,7),(2,633,1630,7),(2,634,1631,7),(2,635,1632,7),(2,636,1633,7),(2,637,1634,7),(2,638,1635,7),(2,639,1636,7),(2,640,1637,7),(2,641,1638,7),(2,642,1639,7),(2,643,1640,7),(2,644,1641,7),(2,645,1642,7),(2,646,1643,7),(2,647,1644,7),(2,648,1645,7),(2,649,1646,7),(2,650,1647,7),(2,651,1648,7),(2,652,1649,7),(2,653,1650,7),(2,654,1651,7),(2,655,1652,7),(2,656,1653,7),(2,657,1654,7),(2,658,1655,7),(2,659,1656,7),(2,660,1657,7),(2,661,1658,7),(2,662,1659,7),(2,663,1660,7),(2,664,1661,7),(2,665,1662,7),(2,666,1663,7),(2,667,1664,7),(2,668,1665,7),(2,669,1666,7),(2,670,1667,7),(2,671,1668,7),(2,672,1669,7),(2,673,1670,7),(2,674,1671,7),(2,675,1672,7),(2,676,1673,7),(2,677,1674,7),(2,678,1675,7),(2,679,1676,7),(2,680,1677,7),(2,681,1678,7),(2,682,1679,7),(2,683,1680,7),(2,684,1681,7),(2,685,1682,7),(2,686,1683,7),(2,687,1684,7),(2,688,1685,7),(2,689,1686,7),(2,690,1687,7),(2,691,1688,7),(2,692,1689,7),(2,693,1690,7),(2,694,1691,7),(2,695,1692,7),(2,696,1693,7),(2,697,1694,7),(2,698,1695,7),(2,699,1696,7),(2,700,1697,7),(2,701,1698,7),(2,702,1699,7),(2,703,1700,7),(2,704,1701,7),(2,705,1702,7),(2,706,1703,7),(2,707,1704,7),(2,708,1705,7),(2,709,1706,7),(2,710,1707,7),(2,711,1708,7),(2,712,1709,7),(2,713,1710,7),(2,714,1711,7),(2,715,1712,7),(2,716,1713,7),(2,717,1714,7),(2,718,1715,7),(2,719,1716,7),(2,720,1717,7),(2,721,1718,7),(2,722,1719,7),(2,723,1720,7),(2,724,1721,7),(2,725,1722,7),(2,726,1723,7),(2,727,1724,7),(2,728,1725,7),(2,729,1726,7),(2,730,1727,7),(2,731,1728,7),(2,732,1729,7),(2,733,1730,7),(2,734,1731,7),(2,735,1732,7),(2,736,1733,7),(2,737,1734,7),(2,738,1735,7),(2,739,1736,7),(2,740,1737,7),(2,741,1738,7),(2,742,1739,7),(2,743,1740,7),(2,744,1741,7),(2,745,1742,7),(2,746,1743,7),(2,747,1744,7),(2,748,1745,7),(2,749,1746,7),(2,750,1747,7),(2,751,1748,7),(2,752,1749,7),(2,753,1750,7),(2,754,1751,7),(2,755,1752,7),(2,756,1753,7),(2,757,1754,7),(2,758,1755,7),(2,759,1756,7),(2,760,1757,7),(2,761,1758,7),(2,762,1759,7),(2,763,1760,7),(2,764,1761,7),(2,765,1762,7),(2,766,1763,7),(2,767,1764,7),(2,768,1765,7),(2,769,1766,7),(2,770,1767,7),(2,771,1768,7),(2,772,1769,7),(2,773,1770,7),(2,774,1771,7),(2,775,1772,7),(2,776,1773,7),(2,777,1774,7),(2,778,1775,7),(2,779,1776,7),(2,780,1777,7),(2,781,1778,7),(2,782,1779,7),(2,783,1780,7),(2,784,1781,7),(2,785,1782,7),(2,786,1783,7),(2,787,1784,7),(2,788,1785,7),(2,789,1786,7),(2,790,1787,7),(2,791,1788,7),(2,792,1789,7),(2,793,1790,7),(2,794,1791,7),(2,795,1792,7),(2,796,1793,7),(2,797,1794,7),(2,798,1795,7),(2,799,1796,7),(2,800,1797,7),(2,801,1798,7),(2,802,1799,7),(2,803,1800,7),(2,804,1801,7),(2,805,1802,7),(2,806,1803,7),(2,807,1804,7),(2,808,1805,7),(2,809,1806,7),(2,810,1807,7),(2,811,1808,7),(2,812,1809,7),(2,813,1810,7),(2,814,1811,7),(2,815,1812,7),(2,816,1813,7),(2,817,1814,7),(2,818,1815,7),(2,819,1816,7),(2,820,1817,7),(2,821,1818,7),(2,822,1819,7),(2,823,1820,7),(2,824,1821,7),(2,825,1822,7),(2,826,1823,7),(2,827,1824,7),(2,828,1825,7),(2,829,1826,7),(2,830,1827,7),(2,831,1828,7),(2,832,1829,7),(2,833,1830,7),(2,834,1831,7),(2,835,1832,7),(2,836,1833,7),(2,837,1834,7),(2,838,1835,7),(2,839,1836,7),(2,840,1837,7),(2,841,1838,7),(2,842,1839,7),(2,843,1840,7),(2,844,1841,7),(2,845,1842,7),(2,846,1843,7),(2,847,1844,7),(2,848,1845,7),(2,849,1846,7),(2,850,1847,7),(2,851,1848,7),(2,852,1849,7),(2,853,1850,7),(2,854,1851,7),(2,855,1852,7),(2,856,1853,7),(2,857,1854,7),(2,858,1855,7),(2,859,1856,7),(2,860,1857,7),(2,861,1858,7),(2,862,1859,7),(2,863,1860,7),(2,864,1861,7),(2,865,1862,7),(2,866,1863,7),(2,867,1864,7),(2,868,1865,7),(2,869,1866,7),(2,870,1867,7),(2,871,1868,7),(2,872,1869,7),(2,873,1870,7),(2,874,1871,7),(2,875,1872,7),(2,876,1873,7),(2,877,1874,7),(2,878,1875,7),(2,879,1876,7),(2,880,1877,7),(2,881,1878,7),(2,882,1879,7),(2,883,1880,7),(2,884,1881,7),(2,885,1882,7),(2,886,1883,7),(2,887,1884,7),(2,888,1885,7),(2,889,1886,7),(2,890,1887,7),(2,891,1888,7),(2,892,1889,7),(2,893,1890,7),(2,894,1891,7),(2,895,1892,7),(2,896,1893,7),(2,897,1894,7),(2,898,1895,7),(2,899,1896,7),(2,900,1897,7),(2,901,1898,7),(2,902,1899,7),(2,903,1900,7),(2,904,1901,7),(2,905,1902,7),(2,906,1903,7),(2,907,1904,7),(2,908,1905,7),(2,909,1906,7),(2,910,1907,7),(2,911,1908,7),(2,912,1909,7),(2,913,1910,7),(2,914,1911,7),(2,915,1912,7),(2,916,1913,7),(2,917,1914,7),(2,918,1915,7),(2,919,1916,7),(2,920,1917,7),(2,921,1918,7),(2,922,1919,7),(2,923,1920,7),(2,924,1921,7),(2,925,1922,7),(2,926,1923,7),(2,927,1924,7),(2,928,1925,7),(2,929,1926,7),(2,930,1927,7),(2,931,1928,7),(2,932,1929,7),(2,933,1930,7),(2,934,1931,7),(2,935,1932,7),(2,936,1933,7),(2,937,1934,7),(2,938,1935,7),(2,939,1936,7),(2,940,1937,7),(2,941,1938,7),(2,942,1939,7),(2,943,1940,7),(2,944,1941,7),(2,945,1942,7),(2,946,1943,7),(2,947,1944,7),(2,948,1945,7),(2,949,1946,7),(2,950,1947,7),(2,951,1948,7),(2,952,1949,7),(2,953,1950,7),(2,954,1951,7),(2,955,1952,7),(2,956,1953,7),(2,957,1954,7),(2,958,1955,7),(2,959,1956,7),(2,960,1957,7),(2,961,1958,7),(2,962,1959,7),(2,963,1960,7),(2,964,1961,7),(2,965,1962,7),(2,966,1963,7),(2,967,1964,7),(2,968,1965,7),(2,969,1966,7),(2,970,1967,7),(2,971,1968,7),(2,972,1969,7),(2,973,1970,7),(2,974,1971,7),(2,975,1972,7),(2,976,1973,7),(2,977,1974,7),(2,978,1975,7),(2,979,1976,7),(2,980,1977,7),(2,981,1978,7),(2,982,1979,7),(2,983,1980,7),(2,984,1981,7),(2,985,1982,7),(2,986,1983,7),(2,987,1984,7),(2,988,1985,7),(2,989,1986,7),(2,990,1987,7),(2,991,1988,7),(2,992,1989,7),(2,993,1990,7),(2,994,1991,7),(2,995,1992,7),(2,996,1993,7),(2,997,1994,7),(2,998,1995,7),(2,999,1996,7),(3,3,1000,7),(3,4,1001,7),(3,5,1002,7),(3,6,1003,7),(3,7,1004,7),(3,8,1005,7),(3,9,1006,7),(3,10,1007,7),(3,11,1008,7),(3,12,1009,7),(3,13,1010,7),(3,14,1011,7),(3,15,1012,7),(3,16,1013,7),(3,17,1014,7),(3,18,1015,7),(3,19,1016,7),(3,20,1017,7),(3,21,1018,7),(3,22,1019,7),(3,23,1020,7),(3,24,1021,7),(3,25,1022,7),(3,26,1023,7),(3,27,1024,7),(3,28,1025,7),(3,29,1026,7),(3,30,1027,7),(3,31,1028,7),(3,32,1029,7),(3,33,1030,7),(3,34,1031,7),(3,35,1032,7),(3,36,1033,7),(3,37,1034,7),(3,38,1035,7),(3,39,1036,7),(3,40,1037,7),(3,41,1038,7),(3,42,1039,7),(3,43,1040,7),(3,44,1041,7),(3,45,1042,7),(3,46,1043,7),(3,47,1044,7),(3,48,1045,7),(3,49,1046,7),(3,50,1047,7),(3,51,1048,7),(3,52,1049,7),(3,53,1050,7),(3,54,1051,7),(3,55,1052,7),(3,56,1053,7),(3,57,1054,7),(3,58,1055,7),(3,59,1056,7),(3,60,1057,7),(3,61,1058,7),(3,62,1059,7),(3,63,1060,7),(3,64,1061,7),(3,65,1062,7),(3,66,1063,7),(3,67,1064,7),(3,68,1065,7),(3,69,1066,7),(3,70,1067,7),(3,71,1068,7),(3,72,1069,7),(3,73,1070,7),(3,74,1071,7),(3,75,1072,7),(3,76,1073,7),(3,77,1074,7),(3,78,1075,7),(3,79,1076,7),(3,80,1077,7),(3,81,1078,7),(3,82,1079,7),(3,83,1080,7),(3,84,1081,7),(3,85,1082,7),(3,86,1083,7),(3,87,1084,7),(3,88,1085,7),(3,89,1086,7),(3,90,1087,7),(3,91,1088,7),(3,92,1089,7),(3,93,1090,7),(3,94,1091,7),(3,95,1092,7),(3,96,1093,7),(3,97,1094,7),(3,98,1095,7),(3,99,1096,7),(3,100,1097,7),(3,101,1098,7),(3,102,1099,7),(3,103,1100,7),(3,104,1101,7),(3,105,1102,7),(3,106,1103,7),(3,107,1104,7),(3,108,1105,7),(3,109,1106,7),(3,110,1107,7),(3,111,1108,7),(3,112,1109,7),(3,113,1110,7),(3,114,1111,7),(3,115,1112,7),(3,116,1113,7),(3,117,1114,7),(3,118,1115,7),(3,119,1116,7),(3,120,1117,7),(3,121,1118,7),(3,122,1119,7),(3,123,1120,7),(3,124,1121,7),(3,125,1122,7),(3,126,1123,7),(3,127,1124,7),(3,128,1125,7),(3,129,1126,7),(3,130,1127,7),(3,131,1128,7),(3,132,1129,7),(3,133,1130,7),(3,134,1131,7),(3,135,1132,7),(3,136,1133,7),(3,137,1134,7),(3,138,1135,7),(3,139,1136,7),(3,140,1137,7),(3,141,1138,7),(3,142,1139,7),(3,143,1140,7),(3,144,1141,7),(3,145,1142,7),(3,146,1143,7),(3,147,1144,7),(3,148,1145,7),(3,149,1146,7),(3,150,1147,7),(3,151,1148,7),(3,152,1149,7),(3,153,1150,7),(3,154,1151,7),(3,155,1152,7),(3,156,1153,7),(3,157,1154,7),(3,158,1155,7),(3,159,1156,7),(3,160,1157,7),(3,161,1158,7),(3,162,1159,7),(3,163,1160,7),(3,164,1161,7),(3,165,1162,7),(3,166,1163,7),(3,167,1164,7),(3,168,1165,7),(3,169,1166,7),(3,170,1167,7),(3,171,1168,7),(3,172,1169,7),(3,173,1170,7),(3,174,1171,7),(3,175,1172,7),(3,176,1173,7),(3,177,1174,7),(3,178,1175,7),(3,179,1176,7),(3,180,1177,7),(3,181,1178,7),(3,182,1179,7),(3,183,1180,7),(3,184,1181,7),(3,185,1182,7),(3,186,1183,7),(3,187,1184,7),(3,188,1185,7),(3,189,1186,7),(3,190,1187,7),(3,191,1188,7),(3,192,1189,7),(3,193,1190,7),(3,194,1191,7),(3,195,1192,7),(3,196,1193,7),(3,197,1194,7),(3,198,1195,7),(3,199,1196,7),(3,200,1197,7),(3,201,1198,7),(3,202,1199,7),(3,203,1200,7),(3,204,1201,7),(3,205,1202,7),(3,206,1203,7),(3,207,1204,7),(3,208,1205,7),(3,209,1206,7),(3,210,1207,7),(3,211,1208,7),(3,212,1209,7),(3,213,1210,7),(3,214,1211,7),(3,215,1212,7),(3,216,1213,7),(3,217,1214,7),(3,218,1215,7),(3,219,1216,7),(3,220,1217,7),(3,221,1218,7),(3,222,1219,7),(3,223,1220,7),(3,224,1221,7),(3,225,1222,7),(3,226,1223,7),(3,227,1224,7),(3,228,1225,7),(3,229,1226,7),(3,230,1227,7),(3,231,1228,7),(3,232,1229,7),(3,233,1230,7),(3,234,1231,7),(3,235,1232,7),(3,236,1233,7),(3,237,1234,7),(3,238,1235,7),(3,239,1236,7),(3,240,1237,7),(3,241,1238,7),(3,242,1239,7),(3,243,1240,7),(3,244,1241,7),(3,245,1242,7),(3,246,1243,7),(3,247,1244,7),(3,248,1245,7),(3,249,1246,7),(3,250,1247,7),(3,251,1248,7),(3,252,1249,7),(3,253,1250,7),(3,254,1251,7),(3,255,1252,7),(3,256,1253,7),(3,257,1254,7),(3,258,1255,7),(3,259,1256,7),(3,260,1257,7),(3,261,1258,7),(3,262,1259,7),(3,263,1260,7),(3,264,1261,7),(3,265,1262,7),(3,266,1263,7),(3,267,1264,7),(3,268,1265,7),(3,269,1266,7),(3,270,1267,7),(3,271,1268,7),(3,272,1269,7),(3,273,1270,7),(3,274,1271,7),(3,275,1272,7),(3,276,1273,7),(3,277,1274,7),(3,278,1275,7),(3,279,1276,7),(3,280,1277,7),(3,281,1278,7),(3,282,1279,7),(3,283,1280,7),(3,284,1281,7),(3,285,1282,7),(3,286,1283,7),(3,287,1284,7),(3,288,1285,7),(3,289,1286,7),(3,290,1287,7),(3,291,1288,7),(3,292,1289,7),(3,293,1290,7),(3,294,1291,7),(3,295,1292,7),(3,296,1293,7),(3,297,1294,7),(3,298,1295,7),(3,299,1296,7),(3,300,1297,7),(3,301,1298,7),(3,302,1299,7),(3,303,1300,7),(3,304,1301,7),(3,305,1302,7),(3,306,1303,7),(3,307,1304,7),(3,308,1305,7),(3,309,1306,7),(3,310,1307,7),(3,311,1308,7),(3,312,1309,7),(3,313,1310,7),(3,314,1311,7),(3,315,1312,7),(3,316,1313,7),(3,317,1314,7),(3,318,1315,7),(3,319,1316,7),(3,320,1317,7),(3,321,1318,7),(3,322,1319,7),(3,323,1320,7),(3,324,1321,7),(3,325,1322,7),(3,326,1323,7),(3,327,1324,7),(3,328,1325,7),(3,329,1326,7),(3,330,1327,7),(3,331,1328,7),(3,332,1329,7),(3,333,1330,7),(3,334,1331,7),(3,335,1332,7),(3,336,1333,7),(3,337,1334,7),(3,338,1335,7),(3,339,1336,7),(3,340,1337,7),(3,341,1338,7),(3,342,1339,7),(3,343,1340,7),(3,344,1341,7),(3,345,1342,7),(3,346,1343,7),(3,347,1344,7),(3,348,1345,7),(3,349,1346,7),(3,350,1347,7),(3,351,1348,7),(3,352,1349,7),(3,353,1350,7),(3,354,1351,7),(3,355,1352,7),(3,356,1353,7),(3,357,1354,7),(3,358,1355,7),(3,359,1356,7),(3,360,1357,7),(3,361,1358,7),(3,362,1359,7),(3,363,1360,7),(3,364,1361,7),(3,365,1362,7),(3,366,1363,7),(3,367,1364,7),(3,368,1365,7),(3,369,1366,7),(3,370,1367,7),(3,371,1368,7),(3,372,1369,7),(3,373,1370,7),(3,374,1371,7),(3,375,1372,7),(3,376,1373,7),(3,377,1374,7),(3,378,1375,7),(3,379,1376,7),(3,380,1377,7),(3,381,1378,7),(3,382,1379,7),(3,383,1380,7),(3,384,1381,7),(3,385,1382,7),(3,386,1383,7),(3,387,1384,7),(3,388,1385,7),(3,389,1386,7),(3,390,1387,7),(3,391,1388,7),(3,392,1389,7),(3,393,1390,7),(3,394,1391,7),(3,395,1392,7),(3,396,1393,7),(3,397,1394,7),(3,398,1395,7),(3,399,1396,7),(3,400,1397,7),(3,401,1398,7),(3,402,1399,7),(3,403,1400,7),(3,404,1401,7),(3,405,1402,7),(3,406,1403,7),(3,407,1404,7),(3,408,1405,7),(3,409,1406,7),(3,410,1407,7),(3,411,1408,7),(3,412,1409,7),(3,413,1410,7),(3,414,1411,7),(3,415,1412,7),(3,416,1413,7),(3,417,1414,7),(3,418,1415,7),(3,419,1416,7),(3,420,1417,7),(3,421,1418,7),(3,422,1419,7),(3,423,1420,7),(3,424,1421,7),(3,425,1422,7),(3,426,1423,7),(3,427,1424,7),(3,428,1425,7),(3,429,1426,7),(3,430,1427,7),(3,431,1428,7),(3,432,1429,7),(3,433,1430,7),(3,434,1431,7),(3,435,1432,7),(3,436,1433,7),(3,437,1434,7),(3,438,1435,7),(3,439,1436,7),(3,440,1437,7),(3,441,1438,7),(3,442,1439,7),(3,443,1440,7),(3,444,1441,7),(3,445,1442,7),(3,446,1443,7),(3,447,1444,7),(3,448,1445,7),(3,449,1446,7),(3,450,1447,7),(3,451,1448,7),(3,452,1449,7),(3,453,1450,7),(3,454,1451,7),(3,455,1452,7),(3,456,1453,7),(3,457,1454,7),(3,458,1455,7),(3,459,1456,7),(3,460,1457,7),(3,461,1458,7),(3,462,1459,7),(3,463,1460,7),(3,464,1461,7),(3,465,1462,7),(3,466,1463,7),(3,467,1464,7),(3,468,1465,7),(3,469,1466,7),(3,470,1467,7),(3,471,1468,7),(3,472,1469,7),(3,473,1470,7),(3,474,1471,7),(3,475,1472,7),(3,476,1473,7),(3,477,1474,7),(3,478,1475,7),(3,479,1476,7),(3,480,1477,7),(3,481,1478,7),(3,482,1479,7),(3,483,1480,7),(3,484,1481,7),(3,485,1482,7),(3,486,1483,7),(3,487,1484,7),(3,488,1485,7),(3,489,1486,7),(3,490,1487,7),(3,491,1488,7),(3,492,1489,7),(3,493,1490,7),(3,494,1491,7),(3,495,1492,7),(3,496,1493,7),(3,497,1494,7),(3,498,1495,7),(3,499,1496,7),(3,500,1497,7),(3,501,1498,7),(3,502,1499,7),(3,503,1500,7),(3,504,1501,7),(3,505,1502,7),(3,506,1503,7),(3,507,1504,7),(3,508,1505,7),(3,509,1506,7),(3,510,1507,7),(3,511,1508,7),(3,512,1509,7),(3,513,1510,7),(3,514,1511,7),(3,515,1512,7),(3,516,1513,7),(3,517,1514,7),(3,518,1515,7),(3,519,1516,7),(3,520,1517,7),(3,521,1518,7),(3,522,1519,7),(3,523,1520,7),(3,524,1521,7),(3,525,1522,7),(3,526,1523,7),(3,527,1524,7),(3,528,1525,7),(3,529,1526,7),(3,530,1527,7),(3,531,1528,7),(3,532,1529,7),(3,533,1530,7),(3,534,1531,7),(3,535,1532,7),(3,536,1533,7),(3,537,1534,7),(3,538,1535,7),(3,539,1536,7),(3,540,1537,7),(3,541,1538,7),(3,542,1539,7),(3,543,1540,7),(3,544,1541,7),(3,545,1542,7),(3,546,1543,7),(3,547,1544,7),(3,548,1545,7),(3,549,1546,7),(3,550,1547,7),(3,551,1548,7),(3,552,1549,7),(3,553,1550,7),(3,554,1551,7),(3,555,1552,7),(3,556,1553,7),(3,557,1554,7),(3,558,1555,7),(3,559,1556,7),(3,560,1557,7),(3,561,1558,7),(3,562,1559,7),(3,563,1560,7),(3,564,1561,7),(3,565,1562,7),(3,566,1563,7),(3,567,1564,7),(3,568,1565,7),(3,569,1566,7),(3,570,1567,7),(3,571,1568,7),(3,572,1569,7),(3,573,1570,7),(3,574,1571,7),(3,575,1572,7),(3,576,1573,7),(3,577,1574,7),(3,578,1575,7),(3,579,1576,7),(3,580,1577,7),(3,581,1578,7),(3,582,1579,7),(3,583,1580,7),(3,584,1581,7),(3,585,1582,7),(3,586,1583,7),(3,587,1584,7),(3,588,1585,7),(3,589,1586,7),(3,590,1587,7),(3,591,1588,7),(3,592,1589,7),(3,593,1590,7),(3,594,1591,7),(3,595,1592,7),(3,596,1593,7),(3,597,1594,7),(3,598,1595,7),(3,599,1596,7),(3,600,1597,7),(3,601,1598,7),(3,602,1599,7),(3,603,1600,7),(3,604,1601,7),(3,605,1602,7),(3,606,1603,7),(3,607,1604,7),(3,608,1605,7),(3,609,1606,7),(3,610,1607,7),(3,611,1608,7),(3,612,1609,7),(3,613,1610,7),(3,614,1611,7),(3,615,1612,7),(3,616,1613,7),(3,617,1614,7),(3,618,1615,7),(3,619,1616,7),(3,620,1617,7),(3,621,1618,7),(3,622,1619,7),(3,623,1620,7),(3,624,1621,7),(3,625,1622,7),(3,626,1623,7),(3,627,1624,7),(3,628,1625,7),(3,629,1626,7),(3,630,1627,7),(3,631,1628,7),(3,632,1629,7),(3,633,1630,7),(3,634,1631,7),(3,635,1632,7),(3,636,1633,7),(3,637,1634,7),(3,638,1635,7),(3,639,1636,7),(3,640,1637,7),(3,641,1638,7),(3,642,1639,7),(3,643,1640,7),(3,644,1641,7),(3,645,1642,7),(3,646,1643,7),(3,647,1644,7),(3,648,1645,7),(3,649,1646,7),(3,650,1647,7),(3,651,1648,7),(3,652,1649,7),(3,653,1650,7),(3,654,1651,7),(3,655,1652,7),(3,656,1653,7),(3,657,1654,7),(3,658,1655,7),(3,659,1656,7),(3,660,1657,7),(3,661,1658,7),(3,662,1659,7),(3,663,1660,7),(3,664,1661,7),(3,665,1662,7),(3,666,1663,7),(3,667,1664,7),(3,668,1665,7),(3,669,1666,7),(3,670,1667,7),(3,671,1668,7),(3,672,1669,7),(3,673,1670,7),(3,674,1671,7),(3,675,1672,7),(3,676,1673,7),(3,677,1674,7),(3,678,1675,7),(3,679,1676,7),(3,680,1677,7),(3,681,1678,7),(3,682,1679,7),(3,683,1680,7),(3,684,1681,7),(3,685,1682,7),(3,686,1683,7),(3,687,1684,7),(3,688,1685,7),(3,689,1686,7),(3,690,1687,7),(3,691,1688,7),(3,692,1689,7),(3,693,1690,7),(3,694,1691,7),(3,695,1692,7),(3,696,1693,7),(3,697,1694,7),(3,698,1695,7),(3,699,1696,7),(3,700,1697,7),(3,701,1698,7),(3,702,1699,7),(3,703,1700,7),(3,704,1701,7),(3,705,1702,7),(3,706,1703,7),(3,707,1704,7),(3,708,1705,7),(3,709,1706,7),(3,710,1707,7),(3,711,1708,7),(3,712,1709,7),(3,713,1710,7),(3,714,1711,7),(3,715,1712,7),(3,716,1713,7),(3,717,1714,7),(3,718,1715,7),(3,719,1716,7),(3,720,1717,7),(3,721,1718,7),(3,722,1719,7),(3,723,1720,7),(3,724,1721,7),(3,725,1722,7),(3,726,1723,7),(3,727,1724,7),(3,728,1725,7),(3,729,1726,7),(3,730,1727,7),(3,731,1728,7),(3,732,1729,7),(3,733,1730,7),(3,734,1731,7),(3,735,1732,7),(3,736,1733,7),(3,737,1734,7),(3,738,1735,7),(3,739,1736,7),(3,740,1737,7),(3,741,1738,7),(3,742,1739,7),(3,743,1740,7),(3,744,1741,7),(3,745,1742,7),(3,746,1743,7),(3,747,1744,7),(3,748,1745,7),(3,749,1746,7),(3,750,1747,7),(3,751,1748,7),(3,752,1749,7),(3,753,1750,7),(3,754,1751,7),(3,755,1752,7),(3,756,1753,7),(3,757,1754,7),(3,758,1755,7),(3,759,1756,7),(3,760,1757,7),(3,761,1758,7),(3,762,1759,7),(3,763,1760,7),(3,764,1761,7),(3,765,1762,7),(3,766,1763,7),(3,767,1764,7),(3,768,1765,7),(3,769,1766,7),(3,770,1767,7),(3,771,1768,7),(3,772,1769,7),(3,773,1770,7),(3,774,1771,7),(3,775,1772,7),(3,776,1773,7),(3,777,1774,7),(3,778,1775,7),(3,779,1776,7),(3,780,1777,7),(3,781,1778,7),(3,782,1779,7),(3,783,1780,7),(3,784,1781,7),(3,785,1782,7),(3,786,1783,7),(3,787,1784,7),(3,788,1785,7),(3,789,1786,7),(3,790,1787,7),(3,791,1788,7),(3,792,1789,7),(3,793,1790,7),(3,794,1791,7),(3,795,1792,7),(3,796,1793,7),(3,797,1794,7),(3,798,1795,7),(3,799,1796,7),(3,800,1797,7),(3,801,1798,7),(3,802,1799,7),(3,803,1800,7),(3,804,1801,7),(3,805,1802,7),(3,806,1803,7),(3,807,1804,7),(3,808,1805,7),(3,809,1806,7),(3,810,1807,7),(3,811,1808,7),(3,812,1809,7),(3,813,1810,7),(3,814,1811,7),(3,815,1812,7),(3,816,1813,7),(3,817,1814,7),(3,818,1815,7),(3,819,1816,7),(3,820,1817,7),(3,821,1818,7),(3,822,1819,7),(3,823,1820,7),(3,824,1821,7),(3,825,1822,7),(3,826,1823,7),(3,827,1824,7),(3,828,1825,7),(3,829,1826,7),(3,830,1827,7),(3,831,1828,7),(3,832,1829,7),(3,833,1830,7),(3,834,1831,7),(3,835,1832,7),(3,836,1833,7),(3,837,1834,7),(3,838,1835,7),(3,839,1836,7),(3,840,1837,7),(3,841,1838,7),(3,842,1839,7),(3,843,1840,7),(3,844,1841,7),(3,845,1842,7),(3,846,1843,7),(3,847,1844,7),(3,848,1845,7),(3,849,1846,7),(3,850,1847,7),(3,851,1848,7),(3,852,1849,7),(3,853,1850,7),(3,854,1851,7),(3,855,1852,7),(3,856,1853,7),(3,857,1854,7),(3,858,1855,7),(3,859,1856,7),(3,860,1857,7),(3,861,1858,7),(3,862,1859,7),(3,863,1860,7),(3,864,1861,7),(3,865,1862,7),(3,866,1863,7),(3,867,1864,7),(3,868,1865,7),(3,869,1866,7),(3,870,1867,7),(3,871,1868,7),(3,872,1869,7),(3,873,1870,7),(3,874,1871,7),(3,875,1872,7),(3,876,1873,7),(3,877,1874,7),(3,878,1875,7),(3,879,1876,7),(3,880,1877,7),(3,881,1878,7),(3,882,1879,7),(3,883,1880,7),(3,884,1881,7),(3,885,1882,7),(3,886,1883,7),(3,887,1884,7),(3,888,1885,7),(3,889,1886,7),(3,890,1887,7),(3,891,1888,7),(3,892,1889,7),(3,893,1890,7),(3,894,1891,7),(3,895,1892,7),(3,896,1893,7),(3,897,1894,7),(3,898,1895,7),(3,899,1896,7),(3,900,1897,7),(3,901,1898,7),(3,902,1899,7),(3,903,1900,7),(3,904,1901,7),(3,905,1902,7),(3,906,1903,7),(3,907,1904,7),(3,908,1905,7),(3,909,1906,7),(3,910,1907,7),(3,911,1908,7),(3,912,1909,7),(3,913,1910,7),(3,914,1911,7),(3,915,1912,7),(3,916,1913,7),(3,917,1914,7),(3,918,1915,7),(3,919,1916,7),(3,920,1917,7),(3,921,1918,7),(3,922,1919,7),(3,923,1920,7),(3,924,1921,7),(3,925,1922,7),(3,926,1923,7),(3,927,1924,7),(3,928,1925,7),(3,929,1926,7),(3,930,1927,7),(3,931,1928,7),(3,932,1929,7),(3,933,1930,7),(3,934,1931,7),(3,935,1932,7),(3,936,1933,7),(3,937,1934,7),(3,938,1935,7),(3,939,1936,7),(3,940,1937,7),(3,941,1938,7),(3,942,1939,7),(3,943,1940,7),(3,944,1941,7),(3,945,1942,7),(3,946,1943,7),(3,947,1944,7),(3,948,1945,7),(3,949,1946,7),(3,950,1947,7),(3,951,1948,7),(3,952,1949,7),(3,953,1950,7),(3,954,1951,7),(3,955,1952,7),(3,956,1953,7),(3,957,1954,7),(3,958,1955,7),(3,959,1956,7),(3,960,1957,7),(3,961,1958,7),(3,962,1959,7),(3,963,1960,7),(3,964,1961,7),(3,965,1962,7),(3,966,1963,7),(3,967,1964,7),(3,968,1965,7),(3,969,1966,7),(3,970,1967,7),(3,971,1968,7),(3,972,1969,7),(3,973,1970,7),(3,974,1971,7),(3,975,1972,7),(3,976,1973,7),(3,977,1974,7),(3,978,1975,7),(3,979,1976,7),(3,980,1977,7),(3,981,1978,7),(3,982,1979,7),(3,983,1980,7),(3,984,1981,7),(3,985,1982,7),(3,986,1983,7),(3,987,1984,7),(3,988,1985,7),(3,989,1986,7),(3,990,1987,7),(3,991,1988,7),(3,992,1989,7),(3,993,1990,7),(3,994,1991,7),(3,995,1992,7),(3,996,1993,7),(3,997,1994,7),(3,998,1995,7),(3,999,1996,7);
/*!40000 ALTER TABLE `class_has_student` ENABLE KEYS */;
UNLOCK TABLES;

--
-- Table structure for table `course`
--

DROP TABLE IF EXISTS `course`;
/*!40101 SET @saved_cs_client     = @@character_set_client */;
/*!40101 SET character_set_client = utf8 */;
CREATE TABLE `course` (
  `courseId` int(11) NOT NULL AUTO_INCREMENT,
  `name` varchar(45) DEFAULT NULL,
  `teachingHours` int(11) DEFAULT '0',
  `teachingunit_teachingUnitId` int(11) NOT NULL DEFAULT '0',
  PRIMARY KEY (`courseId`),
  UNIQUE KEY `courseId_UNIQUE` (`courseId`),
  KEY `fk_course_teachingunit1_idx` (`teachingunit_teachingUnitId`),
  CONSTRAINT `fk_course_teachingunit1` FOREIGN KEY (`teachingunit_teachingUnitId`) REFERENCES `teachingunit` (`teachingUnitId`) ON DELETE NO ACTION ON UPDATE NO ACTION
) ENGINE=InnoDB AUTO_INCREMENT=10 DEFAULT CHARSET=utf8;
/*!40101 SET character_set_client = @saved_cs_client */;

--
-- Dumping data for table `course`
--

LOCK TABLES `course` WRITE;
/*!40000 ALTER TABLE `course` DISABLE KEYS */;
INSERT INTO `course` VALUES (1,'algebra1',0,0),(2,'algebra2',0,0),(3,'algebra3',0,0),(6,'physics1',20,2),(7,'physics2',20,2),(8,'physics3',30,2),(9,'physics4',40,2);
/*!40000 ALTER TABLE `course` ENABLE KEYS */;
UNLOCK TABLES;

--
-- Table structure for table `finished_course_detailes`
--

DROP TABLE IF EXISTS `finished_course_detailes`;
/*!40101 SET @saved_cs_client     = @@character_set_client */;
/*!40101 SET character_set_client = utf8 */;
CREATE TABLE `finished_course_detailes` (
  `finished_course_id` int(11) NOT NULL AUTO_INCREMENT,
  `isFinished` tinyint(4) DEFAULT '0',
  `grade` int(11) DEFAULT '0',
  `semester` int(11) DEFAULT '0',
  `isNew` int(11) DEFAULT '0',
  PRIMARY KEY (`finished_course_id`)
) ENGINE=InnoDB AUTO_INCREMENT=3034 DEFAULT CHARSET=utf8;
/*!40101 SET character_set_client = @saved_cs_client */;

--
-- Dumping data for table `finished_course_detailes`
--

LOCK TABLES `finished_course_detailes` WRITE;
/*!40000 ALTER TABLE `finished_course_detailes` DISABLE KEYS */;
INSERT INTO `finished_course_detailes` VALUES (32,1,100,7,0),(33,0,0,7,0),(34,1,66,7,0),(35,1,13,7,0),(36,1,46,7,0),(37,1,61,7,0),(38,1,9,7,0),(39,1,61,7,0),(40,1,63,7,0),(41,1,51,7,0),(42,1,88,7,0),(43,1,41,7,0),(44,1,98,7,0),(45,1,88,7,0),(46,1,18,7,0),(47,1,70,7,0),(48,1,52,7,0),(49,1,79,7,0),(50,1,87,7,0),(51,1,39,7,0),(52,1,90,7,0),(53,1,85,7,0),(54,1,52,7,0),(55,1,39,7,0),(56,1,2,7,0),(57,1,89,7,0),(58,1,17,7,0),(59,1,82,7,0),(60,1,88,7,0),(61,1,88,7,0),(62,1,47,7,0),(63,1,34,7,0),(64,1,75,7,0),(65,1,85,7,0),(66,1,49,7,0),(67,1,38,7,0),(68,1,35,7,0),(69,1,63,7,0),(70,1,42,7,0),(71,1,98,7,0),(72,1,39,7,0),(73,1,2,7,0),(74,1,12,7,0),(75,1,14,7,0),(76,1,17,7,0),(77,1,5,7,0),(78,1,35,7,0),(79,1,66,7,0),(80,1,81,7,0),(81,1,15,7,0),(82,1,19,7,0),(83,1,55,7,0),(84,1,88,7,0),(85,1,97,7,0),(86,1,68,7,0),(87,1,30,7,0),(88,1,69,7,0),(89,1,94,7,0),(90,1,66,7,0),(91,1,22,7,0),(92,1,14,7,0),(93,1,22,7,0),(94,1,75,7,0),(95,1,44,7,0),(96,1,2,7,0),(97,1,81,7,0),(98,1,1,7,0),(99,1,41,7,0),(100,1,22,7,0),(101,1,22,7,0),(102,1,67,7,0),(103,1,77,7,0),(104,1,66,7,0),(105,1,16,7,0),(106,1,90,7,0),(107,1,77,7,0),(108,1,39,7,0),(109,1,95,7,0),(110,1,77,7,0),(111,1,67,7,0),(112,1,63,7,0),(113,1,84,7,0),(114,1,68,7,0),(115,1,85,7,0),(116,1,65,7,0),(117,1,58,7,0),(118,1,35,7,0),(119,1,45,7,0),(120,1,54,7,0),(121,1,19,7,0),(122,1,8,7,0),(123,1,33,7,0),(124,1,17,7,0),(125,1,4,7,0),(126,1,61,7,0),(127,1,94,7,0),(128,1,12,7,0),(129,1,97,7,0),(130,1,99,7,0),(131,1,55,7,0),(132,1,67,7,0),(133,1,68,7,0),(134,1,76,7,0),(135,1,68,7,0),(136,1,74,7,0),(137,1,95,7,0),(138,1,60,7,0),(139,1,6,7,0),(140,1,43,7,0),(141,1,90,7,0),(142,1,88,7,0),(143,1,90,7,0),(144,1,30,7,0),(145,1,83,7,0),(146,1,0,7,0),(147,1,25,7,0),(148,1,99,7,0),(149,1,82,7,0),(150,1,36,7,0),(151,1,26,7,0),(152,1,10,7,0),(153,1,49,7,0),(154,1,94,7,0),(155,1,24,7,0),(156,1,12,7,0),(157,1,53,7,0),(158,1,78,7,0),(159,1,40,7,0),(160,1,33,7,0),(161,1,11,7,0),(162,1,46,7,0),(163,1,31,7,0),(164,1,42,7,0),(165,1,21,7,0),(166,1,25,7,0),(167,1,64,7,0),(168,1,87,7,0),(169,1,50,7,0),(170,1,48,7,0),(171,1,28,7,0),(172,1,71,7,0),(173,1,25,7,0),(174,1,69,7,0),(175,1,68,7,0),(176,1,99,7,0),(177,1,27,7,0),(178,1,44,7,0),(179,1,20,7,0),(180,1,12,7,0),(181,1,27,7,0),(182,1,75,7,0),(183,1,23,7,0),(184,1,64,7,0),(185,1,98,7,0),(186,1,12,7,0),(187,1,66,7,0),(188,1,93,7,0),(189,1,56,7,0),(190,1,91,7,0),(191,1,22,7,0),(192,1,94,7,0),(193,1,53,7,0),(194,1,95,7,0),(195,1,99,7,0),(196,1,15,7,0),(197,1,27,7,0),(198,1,7,7,0),(199,1,2,7,0),(200,1,96,7,0),(201,1,65,7,0),(202,1,66,7,0),(203,1,68,7,0),(204,1,61,7,0),(205,1,69,7,0),(206,1,38,7,0),(207,1,35,7,0),(208,1,5,7,0),(209,1,64,7,0),(210,1,91,7,0),(211,1,86,7,0),(212,1,13,7,0),(213,1,82,7,0),(214,1,36,7,0),(215,1,86,7,0),(216,1,73,7,0),(217,1,73,7,0),(218,1,88,7,0),(219,1,48,7,0),(220,1,22,7,0),(221,1,86,7,0),(222,1,94,7,0),(223,1,56,7,0),(224,1,87,7,0),(225,1,14,7,0),(226,1,18,7,0),(227,1,11,7,0),(228,1,66,7,0),(229,1,12,7,0),(230,1,4,7,0),(231,1,44,7,0),(232,1,53,7,0),(233,1,41,7,0),(234,1,32,7,0),(235,1,29,7,0),(236,1,35,7,0),(237,1,62,7,0),(238,1,57,7,0),(239,1,8,7,0),(240,1,9,7,0),(241,1,98,7,0),(242,1,26,7,0),(243,1,66,7,0),(244,1,90,7,0),(245,1,62,7,0),(246,1,35,7,0),(247,1,33,7,0),(248,1,24,7,0),(249,1,46,7,0),(250,1,8,7,0),(251,1,18,7,0),(252,1,25,7,0),(253,1,43,7,0),(254,1,69,7,0),(255,1,65,7,0),(256,1,67,7,0),(257,1,63,7,0),(258,1,22,7,0),(259,1,72,7,0),(260,1,42,7,0),(261,1,93,7,0),(262,1,94,7,0),(263,1,28,7,0),(264,1,87,7,0),(265,1,97,7,0),(266,1,44,7,0),(267,1,48,7,0),(268,1,11,7,0),(269,1,40,7,0),(270,1,73,7,0),(271,1,92,7,0),(272,1,82,7,0),(273,1,49,7,0),(274,1,93,7,0),(275,1,45,7,0),(276,1,40,7,0),(277,1,33,7,0),(278,1,28,7,0),(279,1,34,7,0),(280,1,18,7,0),(281,1,89,7,0),(282,1,45,7,0),(283,1,95,7,0),(284,1,32,7,0),(285,1,74,7,0),(286,1,83,7,0),(287,1,71,7,0),(288,1,42,7,0),(289,1,30,7,0),(290,1,12,7,0),(291,1,82,7,0),(292,1,41,7,0),(293,1,70,7,0),(294,1,64,7,0),(295,1,1,7,0),(296,1,1,7,0),(297,1,89,7,0),(298,1,70,7,0),(299,1,4,7,0),(300,1,22,7,0),(301,1,58,7,0),(302,1,78,7,0),(303,1,85,7,0),(304,1,40,7,0),(305,1,22,7,0),(306,1,83,7,0),(307,1,94,7,0),(308,1,97,7,0),(309,1,13,7,0),(310,1,92,7,0),(311,1,19,7,0),(312,1,81,7,0),(313,1,99,7,0),(314,1,66,7,0),(315,1,55,7,0),(316,1,20,7,0),(317,1,48,7,0),(318,1,4,7,0),(319,1,17,7,0),(320,1,28,7,0),(321,1,93,7,0),(322,1,28,7,0),(323,1,88,7,0),(324,1,25,7,0),(325,1,51,7,0),(326,1,74,7,0),(327,1,46,7,0),(328,1,80,7,0),(329,1,1,7,0),(330,1,71,7,0),(331,1,6,7,0),(332,1,60,7,0),(333,1,49,7,0),(334,1,28,7,0),(335,1,21,7,0),(336,1,72,7,0),(337,1,8,7,0),(338,1,73,7,0),(339,1,10,7,0),(340,1,5,7,0),(341,1,51,7,0),(342,1,33,7,0),(343,1,55,7,0),(344,1,80,7,0),(345,1,31,7,0),(346,1,64,7,0),(347,1,79,7,0),(348,1,57,7,0),(349,1,82,7,0),(350,1,37,7,0),(351,1,75,7,0),(352,1,7,7,0),(353,1,80,7,0),(354,1,49,7,0),(355,1,34,7,0),(356,1,76,7,0),(357,1,67,7,0),(358,1,48,7,0),(359,1,85,7,0),(360,1,23,7,0),(361,1,42,7,0),(362,1,23,7,0),(363,1,9,7,0),(364,1,53,7,0),(365,1,85,7,0),(366,1,36,7,0),(367,1,98,7,0),(368,1,38,7,0),(369,1,44,7,0),(370,1,19,7,0),(371,1,96,7,0),(372,1,98,7,0),(373,1,79,7,0),(374,1,61,7,0),(375,1,37,7,0),(376,1,44,7,0),(377,1,90,7,0),(378,1,3,7,0),(379,1,47,7,0),(380,1,47,7,0),(381,1,62,7,0),(382,1,64,7,0),(383,1,17,7,0),(384,1,8,7,0),(385,1,13,7,0),(386,1,76,7,0),(387,1,65,7,0),(388,1,60,7,0),(389,1,40,7,0),(390,1,10,7,0),(391,1,52,7,0),(392,1,14,7,0),(393,1,59,7,0),(394,1,98,7,0),(395,1,78,7,0),(396,1,49,7,0),(397,1,86,7,0),(398,1,60,7,0),(399,1,98,7,0),(400,1,52,7,0),(401,1,16,7,0),(402,1,96,7,0),(403,1,93,7,0),(404,1,35,7,0),(405,1,81,7,0),(406,1,91,7,0),(407,1,19,7,0),(408,1,4,7,0),(409,1,70,7,0),(410,1,22,7,0),(411,1,82,7,0),(412,1,30,7,0),(413,1,4,7,0),(414,1,79,7,0),(415,1,32,7,0),(416,1,65,7,0),(417,1,50,7,0),(418,1,69,7,0),(419,1,45,7,0),(420,1,66,7,0),(421,1,4,7,0),(422,1,89,7,0),(423,1,81,7,0),(424,1,42,7,0),(425,1,32,7,0),(426,1,39,7,0),(427,1,28,7,0),(428,1,20,7,0),(429,1,52,7,0),(430,1,42,7,0),(431,1,47,7,0),(432,1,92,7,0),(433,1,66,7,0),(434,1,17,7,0),(435,1,89,7,0),(436,1,88,7,0),(437,1,52,7,0),(438,1,51,7,0),(439,1,40,7,0),(440,1,89,7,0),(441,1,49,7,0),(442,1,94,7,0),(443,1,89,7,0),(444,1,21,7,0),(445,1,82,7,0),(446,1,72,7,0),(447,1,38,7,0),(448,1,17,7,0),(449,1,82,7,0),(450,1,51,7,0),(451,1,13,7,0),(452,1,22,7,0),(453,1,55,7,0),(454,1,8,7,0),(455,1,39,7,0),(456,1,67,7,0),(457,1,62,7,0),(458,1,35,7,0),(459,1,64,7,0),(460,1,21,7,0),(461,1,14,7,0),(462,1,69,7,0),(463,1,15,7,0),(464,1,42,7,0),(465,1,22,7,0),(466,1,82,7,0),(467,1,82,7,0),(468,1,16,7,0),(469,1,73,7,0),(470,1,41,7,0),(471,1,91,7,0),(472,1,77,7,0),(473,1,82,7,0),(474,1,67,7,0),(475,1,51,7,0),(476,1,18,7,0),(477,1,38,7,0),(478,1,37,7,0),(479,1,68,7,0),(480,1,13,7,0),(481,1,50,7,0),(482,1,47,7,0),(483,1,18,7,0),(484,1,96,7,0),(485,1,7,7,0),(486,1,23,7,0),(487,1,26,7,0),(488,1,83,7,0),(489,1,91,7,0),(490,1,97,7,0),(491,1,89,7,0),(492,1,26,7,0),(493,1,17,7,0),(494,1,37,7,0),(495,1,49,7,0),(496,1,1,7,0),(497,1,62,7,0),(498,1,98,7,0),(499,1,39,7,0),(500,1,89,7,0),(501,1,64,7,0),(502,1,22,7,0),(503,1,90,7,0),(504,1,23,7,0),(505,1,58,7,0),(506,1,92,7,0),(507,1,4,7,0),(508,1,44,7,0),(509,1,41,7,0),(510,1,1,7,0),(511,1,78,7,0),(512,1,32,7,0),(513,1,64,7,0),(514,1,29,7,0),(515,1,87,7,0),(516,1,44,7,0),(517,1,50,7,0),(518,1,34,7,0),(519,1,81,7,0),(520,1,84,7,0),(521,1,30,7,0),(522,1,79,7,0),(523,1,64,7,0),(524,1,1,7,0),(525,1,93,7,0),(526,1,2,7,0),(527,1,4,7,0),(528,1,45,7,0),(529,1,44,7,0),(530,1,98,7,0),(531,1,30,7,0),(532,1,1,7,0),(533,1,9,7,0),(534,1,12,7,0),(535,1,32,7,0),(536,1,80,7,0),(537,1,99,7,0),(538,1,82,7,0),(539,1,90,7,0),(540,1,98,7,0),(541,1,59,7,0),(542,1,37,7,0),(543,1,80,7,0),(544,1,26,7,0),(545,1,78,7,0),(546,1,72,7,0),(547,1,57,7,0),(548,1,50,7,0),(549,1,93,7,0),(550,1,25,7,0),(551,1,98,7,0),(552,1,30,7,0),(553,1,56,7,0),(554,1,2,7,0),(555,1,41,7,0),(556,1,28,7,0),(557,1,86,7,0),(558,1,12,7,0),(559,1,10,7,0),(560,1,43,7,0),(561,1,95,7,0),(562,1,26,7,0),(563,1,67,7,0),(564,1,81,7,0),(565,1,8,7,0),(566,1,93,7,0),(567,1,13,7,0),(568,1,35,7,0),(569,1,24,7,0),(570,1,69,7,0),(571,1,82,7,0),(572,1,61,7,0),(573,1,11,7,0),(574,1,47,7,0),(575,1,66,7,0),(576,1,32,7,0),(577,1,95,7,0),(578,1,53,7,0),(579,1,11,7,0),(580,1,6,7,0),(581,1,48,7,0),(582,1,52,7,0),(583,1,40,7,0),(584,1,88,7,0),(585,1,79,7,0),(586,1,81,7,0),(587,1,99,7,0),(588,1,1,7,0),(589,1,24,7,0),(590,1,52,7,0),(591,1,74,7,0),(592,1,18,7,0),(593,1,51,7,0),(594,1,57,7,0),(595,1,91,7,0),(596,1,57,7,0),(597,1,56,7,0),(598,1,76,7,0),(599,1,69,7,0),(600,1,9,7,0),(601,1,98,7,0),(602,1,40,7,0),(603,1,75,7,0),(604,1,94,7,0),(605,1,75,7,0),(606,1,89,7,0),(607,1,85,7,0),(608,1,81,7,0),(609,1,48,7,0),(610,1,84,7,0),(611,1,74,7,0),(612,1,67,7,0),(613,1,43,7,0),(614,1,47,7,0),(615,1,23,7,0),(616,1,10,7,0),(617,1,10,7,0),(618,1,90,7,0),(619,1,90,7,0),(620,1,29,7,0),(621,1,10,7,0),(622,1,48,7,0),(623,1,75,7,0),(624,1,22,7,0),(625,1,41,7,0),(626,1,48,7,0),(627,1,34,7,0),(628,1,90,7,0),(629,1,50,7,0),(630,1,97,7,0),(631,1,36,7,0),(632,1,21,7,0),(633,1,6,7,0),(634,1,16,7,0),(635,1,11,7,0),(636,1,87,7,0),(637,1,93,7,0),(638,1,5,7,0),(639,1,75,7,0),(640,1,10,7,0),(641,1,76,7,0),(642,1,96,7,0),(643,1,53,7,0),(644,1,35,7,0),(645,1,30,7,0),(646,1,31,7,0),(647,1,55,7,0),(648,1,72,7,0),(649,1,13,7,0),(650,1,94,7,0),(651,1,8,7,0),(652,1,13,7,0),(653,1,5,7,0),(654,1,86,7,0),(655,1,99,7,0),(656,1,72,7,0),(657,1,60,7,0),(658,1,75,7,0),(659,1,39,7,0),(660,1,86,7,0),(661,1,58,7,0),(662,1,0,7,0),(663,1,38,7,0),(664,1,95,7,0),(665,1,25,7,0),(666,1,1,7,0),(667,1,18,7,0),(668,1,73,7,0),(669,1,86,7,0),(670,1,5,7,0),(671,1,93,7,0),(672,1,42,7,0),(673,1,31,7,0),(674,1,18,7,0),(675,1,93,7,0),(676,1,88,7,0),(677,1,80,7,0),(678,1,27,7,0),(679,1,28,7,0),(680,1,88,7,0),(681,1,64,7,0),(682,1,4,7,0),(683,1,98,7,0),(684,1,59,7,0),(685,1,45,7,0),(686,1,61,7,0),(687,1,65,7,0),(688,1,15,7,0),(689,1,48,7,0),(690,1,81,7,0),(691,1,15,7,0),(692,1,73,7,0),(693,1,84,7,0),(694,1,6,7,0),(695,1,74,7,0),(696,1,56,7,0),(697,1,75,7,0),(698,1,50,7,0),(699,1,41,7,0),(700,1,24,7,0),(701,1,34,7,0),(702,1,8,7,0),(703,1,56,7,0),(704,1,34,7,0),(705,1,65,7,0),(706,1,42,7,0),(707,1,73,7,0),(708,1,24,7,0),(709,1,66,7,0),(710,1,39,7,0),(711,1,74,7,0),(712,1,95,7,0),(713,1,72,7,0),(714,1,69,7,0),(715,1,6,7,0),(716,1,0,7,0),(717,1,53,7,0),(718,1,65,7,0),(719,1,81,7,0),(720,1,24,7,0),(721,1,22,7,0),(722,1,91,7,0),(723,1,33,7,0),(724,1,49,7,0),(725,1,31,7,0),(726,1,89,7,0),(727,1,70,7,0),(728,1,99,7,0),(729,1,66,7,0),(730,1,36,7,0),(731,1,15,7,0),(732,1,12,7,0),(733,1,96,7,0),(734,1,66,7,0),(735,1,58,7,0),(736,1,49,7,0),(737,1,59,7,0),(738,1,83,7,0),(739,1,34,7,0),(740,1,49,7,0),(741,1,76,7,0),(742,1,47,7,0),(743,1,21,7,0),(744,1,19,7,0),(745,1,76,7,0),(746,1,77,7,0),(747,1,56,7,0),(748,1,83,7,0),(749,1,71,7,0),(750,1,70,7,0),(751,1,3,7,0),(752,1,30,7,0),(753,1,29,7,0),(754,1,16,7,0),(755,1,73,7,0),(756,1,45,7,0),(757,1,72,7,0),(758,1,99,7,0),(759,1,38,7,0),(760,1,61,7,0),(761,1,56,7,0),(762,1,43,7,0),(763,1,93,7,0),(764,1,65,7,0),(765,1,57,7,0),(766,1,80,7,0),(767,1,28,7,0),(768,1,27,7,0),(769,1,84,7,0),(770,1,34,7,0),(771,1,75,7,0),(772,1,48,7,0),(773,1,77,7,0),(774,1,87,7,0),(775,1,25,7,0),(776,1,3,7,0),(777,1,93,7,0),(778,1,32,7,0),(779,1,59,7,0),(780,1,10,7,0),(781,1,33,7,0),(782,1,49,7,0),(783,1,19,7,0),(784,1,22,7,0),(785,1,89,7,0),(786,1,65,7,0),(787,1,1,7,0),(788,1,65,7,0),(789,1,63,7,0),(790,1,67,7,0),(791,1,64,7,0),(792,1,61,7,0),(793,1,96,7,0),(794,1,54,7,0),(795,1,79,7,0),(796,1,22,7,0),(797,1,10,7,0),(798,1,60,7,0),(799,1,55,7,0),(800,1,41,7,0),(801,1,92,7,0),(802,1,70,7,0),(803,1,37,7,0),(804,1,81,7,0),(805,1,7,7,0),(806,1,24,7,0),(807,1,30,7,0),(808,1,68,7,0),(809,1,53,7,0),(810,1,21,7,0),(811,1,92,7,0),(812,1,60,7,0),(813,1,96,7,0),(814,1,76,7,0),(815,1,85,7,0),(816,1,39,7,0),(817,1,86,7,0),(818,1,34,7,0),(819,1,50,7,0),(820,1,92,7,0),(821,1,64,7,0),(822,1,81,7,0),(823,1,85,7,0),(824,1,87,7,0),(825,1,54,7,0),(826,1,62,7,0),(827,1,96,7,0),(828,1,45,7,0),(829,1,8,7,0),(830,1,56,7,0),(831,1,85,7,0),(832,1,6,7,0),(833,1,51,7,0),(834,1,28,7,0),(835,1,24,7,0),(836,1,64,7,0),(837,1,4,7,0),(838,1,44,7,0),(839,1,20,7,0),(840,1,89,7,0),(841,1,30,7,0),(842,1,40,7,0),(843,1,6,7,0),(844,1,0,7,0),(845,1,0,7,0),(846,1,45,7,0),(847,1,41,7,0),(848,1,69,7,0),(849,1,49,7,0),(850,1,63,7,0),(851,1,39,7,0),(852,1,11,7,0),(853,1,47,7,0),(854,1,81,7,0),(855,1,45,7,0),(856,1,64,7,0),(857,1,63,7,0),(858,1,99,7,0),(859,1,64,7,0),(860,1,81,7,0),(861,1,18,7,0),(862,1,27,7,0),(863,1,8,7,0),(864,1,66,7,0),(865,1,98,7,0),(866,1,52,7,0),(867,1,31,7,0),(868,1,89,7,0),(869,1,29,7,0),(870,1,49,7,0),(871,1,99,7,0),(872,1,91,7,0),(873,1,95,7,0),(874,1,47,7,0),(875,1,30,7,0),(876,1,40,7,0),(877,1,88,7,0),(878,1,39,7,0),(879,1,71,7,0),(880,1,61,7,0),(881,1,45,7,0),(882,1,91,7,0),(883,1,25,7,0),(884,1,11,7,0),(885,1,19,7,0),(886,1,19,7,0),(887,1,68,7,0),(888,1,59,7,0),(889,1,97,7,0),(890,1,8,7,0),(891,1,16,7,0),(892,1,65,7,0),(893,1,42,7,0),(894,1,61,7,0),(895,1,10,7,0),(896,1,90,7,0),(897,1,52,7,0),(898,1,66,7,0),(899,1,83,7,0),(900,1,8,7,0),(901,1,78,7,0),(902,1,10,7,0),(903,1,3,7,0),(904,1,40,7,0),(905,1,93,7,0),(906,1,96,7,0),(907,1,59,7,0),(908,1,14,7,0),(909,1,53,7,0),(910,1,30,7,0),(911,1,51,7,0),(912,1,30,7,0),(913,1,2,7,0),(914,1,23,7,0),(915,1,67,7,0),(916,1,42,7,0),(917,1,45,7,0),(918,1,11,7,0),(919,1,10,7,0),(920,1,17,7,0),(921,1,79,7,0),(922,1,46,7,0),(923,1,28,7,0),(924,1,90,7,0),(925,1,18,7,0),(926,1,66,7,0),(927,1,9,7,0),(928,1,30,7,0),(929,1,86,7,0),(930,1,89,7,0),(931,1,19,7,0),(932,1,76,7,0),(933,1,66,7,0),(934,1,87,7,0),(935,1,1,7,0),(936,1,23,7,0),(937,1,27,7,0),(938,1,32,7,0),(939,1,74,7,0),(940,1,20,7,0),(941,1,96,7,0),(942,1,86,7,0),(943,1,85,7,0),(944,1,20,7,0),(945,1,44,7,0),(946,1,50,7,0),(947,1,15,7,0),(948,1,57,7,0),(949,1,49,7,0),(950,1,30,7,0),(951,1,63,7,0),(952,1,37,7,0),(953,1,18,7,0),(954,1,88,7,0),(955,1,75,7,0),(956,1,65,7,0),(957,1,8,7,0),(958,1,42,7,0),(959,1,7,7,0),(960,1,12,7,0),(961,1,50,7,0),(962,1,54,7,0),(963,1,95,7,0),(964,1,51,7,0),(965,1,70,7,0),(966,1,0,7,0),(967,1,71,7,0),(968,1,30,7,0),(969,1,53,7,0),(970,1,82,7,0),(971,1,11,7,0),(972,1,80,7,0),(973,1,10,7,0),(974,1,36,7,0),(975,1,85,7,0),(976,1,72,7,0),(977,1,64,7,0),(978,1,26,7,0),(979,1,1,7,0),(980,1,16,7,0),(981,1,3,7,0),(982,1,3,7,0),(983,1,64,7,0),(984,1,87,7,0),(985,1,16,7,0),(986,1,91,7,0),(987,1,70,7,0),(988,1,32,7,0),(989,1,20,7,0),(990,1,65,7,0),(991,1,46,7,0),(992,1,79,7,0),(993,1,70,7,0),(994,1,72,7,0),(995,1,80,7,0),(996,1,47,7,0),(997,1,99,7,0),(998,1,53,7,0),(999,1,18,7,0),(1000,1,37,7,0),(1001,1,59,7,0),(1002,1,99,7,0),(1003,1,84,7,0),(1004,1,39,7,0),(1005,1,74,7,0),(1006,1,22,7,0),(1007,1,31,7,0),(1008,1,98,7,0),(1009,1,97,7,0),(1010,1,92,7,0),(1011,1,18,7,0),(1012,1,55,7,0),(1013,1,18,7,0),(1014,1,98,7,0),(1015,1,75,7,0),(1016,1,88,7,0),(1017,1,68,7,0),(1018,1,83,7,0),(1019,1,4,7,0),(1020,1,76,7,0),(1021,1,8,7,0),(1022,1,28,7,0),(1023,1,97,7,0),(1024,1,52,7,0),(1025,1,89,7,0),(1026,1,64,7,0),(1027,1,54,7,0),(1028,1,46,7,0),(1029,1,42,7,0),(1030,1,43,7,0),(1031,1,10,7,0),(1032,1,36,7,0),(1033,1,42,7,0),(1034,1,39,7,0),(1035,1,52,7,0),(1036,1,73,7,0),(1037,1,83,7,0),(1038,1,86,7,0),(1039,1,83,7,0),(1040,1,1,7,0),(1041,1,83,7,0),(1042,1,31,7,0),(1043,1,89,7,0),(1044,1,90,7,0),(1045,1,43,7,0),(1046,1,7,7,0),(1047,1,89,7,0),(1048,1,7,7,0),(1049,1,74,7,0),(1050,1,52,7,0),(1051,1,85,7,0),(1052,1,49,7,0),(1053,1,98,7,0),(1054,1,78,7,0),(1055,1,15,7,0),(1056,1,69,7,0),(1057,1,32,7,0),(1058,1,22,7,0),(1059,1,80,7,0),(1060,1,14,7,0),(1061,1,82,7,0),(1062,1,36,7,0),(1063,1,24,7,0),(1064,1,64,7,0),(1065,1,57,7,0),(1066,1,69,7,0),(1067,1,45,7,0),(1068,1,54,7,0),(1069,1,68,7,0),(1070,1,3,7,0),(1071,1,18,7,0),(1072,1,65,7,0),(1073,1,55,7,0),(1074,1,85,7,0),(1075,1,91,7,0),(1076,1,21,7,0),(1077,1,3,7,0),(1078,1,86,7,0),(1079,1,55,7,0),(1080,1,65,7,0),(1081,1,42,7,0),(1082,1,93,7,0),(1083,1,35,7,0),(1084,1,23,7,0),(1085,1,55,7,0),(1086,1,3,7,0),(1087,1,6,7,0),(1088,1,74,7,0),(1089,1,65,7,0),(1090,1,34,7,0),(1091,1,55,7,0),(1092,1,40,7,0),(1093,1,65,7,0),(1094,1,46,7,0),(1095,1,34,7,0),(1096,1,13,7,0),(1097,1,84,7,0),(1098,1,82,7,0),(1099,1,55,7,0),(1100,1,34,7,0),(1101,1,22,7,0),(1102,1,53,7,0),(1103,1,70,7,0),(1104,1,26,7,0),(1105,1,16,7,0),(1106,1,79,7,0),(1107,1,4,7,0),(1108,1,75,7,0),(1109,1,91,7,0),(1110,1,23,7,0),(1111,1,11,7,0),(1112,1,89,7,0),(1113,1,9,7,0),(1114,1,39,7,0),(1115,1,63,7,0),(1116,1,73,7,0),(1117,1,23,7,0),(1118,1,27,7,0),(1119,1,69,7,0),(1120,1,89,7,0),(1121,1,90,7,0),(1122,1,67,7,0),(1123,1,94,7,0),(1124,1,8,7,0),(1125,1,73,7,0),(1126,1,88,7,0),(1127,1,33,7,0),(1128,1,17,7,0),(1129,1,63,7,0),(1130,1,14,7,0),(1131,1,51,7,0),(1132,1,48,7,0),(1133,1,61,7,0),(1134,1,28,7,0),(1135,1,0,7,0),(1136,1,21,7,0),(1137,1,94,7,0),(1138,1,4,7,0),(1139,1,11,7,0),(1140,1,50,7,0),(1141,1,74,7,0),(1142,1,75,7,0),(1143,1,22,7,0),(1144,1,4,7,0),(1145,1,6,7,0),(1146,1,25,7,0),(1147,1,24,7,0),(1148,1,37,7,0),(1149,1,62,7,0),(1150,1,14,7,0),(1151,1,60,7,0),(1152,1,85,7,0),(1153,1,15,7,0),(1154,1,89,7,0),(1155,1,90,7,0),(1156,1,98,7,0),(1157,1,44,7,0),(1158,1,14,7,0),(1159,1,38,7,0),(1160,1,22,7,0),(1161,1,83,7,0),(1162,1,48,7,0),(1163,1,69,7,0),(1164,1,10,7,0),(1165,1,76,7,0),(1166,1,84,7,0),(1167,1,4,7,0),(1168,1,26,7,0),(1169,1,57,7,0),(1170,1,45,7,0),(1171,1,1,7,0),(1172,1,96,7,0),(1173,1,62,7,0),(1174,1,25,7,0),(1175,1,37,7,0),(1176,1,48,7,0),(1177,1,74,7,0),(1178,1,40,7,0),(1179,1,72,7,0),(1180,1,38,7,0),(1181,1,31,7,0),(1182,1,8,7,0),(1183,1,51,7,0),(1184,1,39,7,0),(1185,1,10,7,0),(1186,1,38,7,0),(1187,1,3,7,0),(1188,1,26,7,0),(1189,1,6,7,0),(1190,1,41,7,0),(1191,1,19,7,0),(1192,1,44,7,0),(1193,1,51,7,0),(1194,1,85,7,0),(1195,1,16,7,0),(1196,1,98,7,0),(1197,1,92,7,0),(1198,1,85,7,0),(1199,1,27,7,0),(1200,1,95,7,0),(1201,1,6,7,0),(1202,1,78,7,0),(1203,1,85,7,0),(1204,1,11,7,0),(1205,1,80,7,0),(1206,1,9,7,0),(1207,1,66,7,0),(1208,1,36,7,0),(1209,1,43,7,0),(1210,1,16,7,0),(1211,1,79,7,0),(1212,1,51,7,0),(1213,1,12,7,0),(1214,1,34,7,0),(1215,1,89,7,0),(1216,1,93,7,0),(1217,1,61,7,0),(1218,1,28,7,0),(1219,1,32,7,0),(1220,1,8,7,0),(1221,1,69,7,0),(1222,1,43,7,0),(1223,1,26,7,0),(1224,1,38,7,0),(1225,1,15,7,0),(1226,1,96,7,0),(1227,1,25,7,0),(1228,1,90,7,0),(1229,1,6,7,0),(1230,1,28,7,0),(1231,1,35,7,0),(1232,1,27,7,0),(1233,1,96,7,0),(1234,1,14,7,0),(1235,1,91,7,0),(1236,1,37,7,0),(1237,1,92,7,0),(1238,1,75,7,0),(1239,1,47,7,0),(1240,1,97,7,0),(1241,1,11,7,0),(1242,1,4,7,0),(1243,1,34,7,0),(1244,1,29,7,0),(1245,1,91,7,0),(1246,1,15,7,0),(1247,1,68,7,0),(1248,1,35,7,0),(1249,1,39,7,0),(1250,1,48,7,0),(1251,1,73,7,0),(1252,1,16,7,0),(1253,1,95,7,0),(1254,1,10,7,0),(1255,1,33,7,0),(1256,1,68,7,0),(1257,1,68,7,0),(1258,1,39,7,0),(1259,1,83,7,0),(1260,1,4,7,0),(1261,1,27,7,0),(1262,1,20,7,0),(1263,1,9,7,0),(1264,1,51,7,0),(1265,1,11,7,0),(1266,1,98,7,0),(1267,1,25,7,0),(1268,1,11,7,0),(1269,1,6,7,0),(1270,1,99,7,0),(1271,1,94,7,0),(1272,1,58,7,0),(1273,1,18,7,0),(1274,1,46,7,0),(1275,1,52,7,0),(1276,1,77,7,0),(1277,1,88,7,0),(1278,1,54,7,0),(1279,1,83,7,0),(1280,1,95,7,0),(1281,1,73,7,0),(1282,1,13,7,0),(1283,1,43,7,0),(1284,1,54,7,0),(1285,1,9,7,0),(1286,1,4,7,0),(1287,1,86,7,0),(1288,1,11,7,0),(1289,1,97,7,0),(1290,1,20,7,0),(1291,1,7,7,0),(1292,1,73,7,0),(1293,1,66,7,0),(1294,1,29,7,0),(1295,1,14,7,0),(1296,1,53,7,0),(1297,1,84,7,0),(1298,1,18,7,0),(1299,1,80,7,0),(1300,1,61,7,0),(1301,1,10,7,0),(1302,1,29,7,0),(1303,1,9,7,0),(1304,1,48,7,0),(1305,1,30,7,0),(1306,1,59,7,0),(1307,1,30,7,0),(1308,1,17,7,0),(1309,1,81,7,0),(1310,1,21,7,0),(1311,1,54,7,0),(1312,1,64,7,0),(1313,1,85,7,0),(1314,1,0,7,0),(1315,1,89,7,0),(1316,1,33,7,0),(1317,1,47,7,0),(1318,1,83,7,0),(1319,1,99,7,0),(1320,1,22,7,0),(1321,1,14,7,0),(1322,1,43,7,0),(1323,1,48,7,0),(1324,1,70,7,0),(1325,1,50,7,0),(1326,1,51,7,0),(1327,1,96,7,0),(1328,1,73,7,0),(1329,1,66,7,0),(1330,1,74,7,0),(1331,1,95,7,0),(1332,1,71,7,0),(1333,1,27,7,0),(1334,1,50,7,0),(1335,1,38,7,0),(1336,1,57,7,0),(1337,1,37,7,0),(1338,1,90,7,0),(1339,1,44,7,0),(1340,1,22,7,0),(1341,1,64,7,0),(1342,1,47,7,0),(1343,1,45,7,0),(1344,1,63,7,0),(1345,1,37,7,0),(1346,1,81,7,0),(1347,1,40,7,0),(1348,1,11,7,0),(1349,1,37,7,0),(1350,1,26,7,0),(1351,1,34,7,0),(1352,1,82,7,0),(1353,1,51,7,0),(1354,1,81,7,0),(1355,1,83,7,0),(1356,1,41,7,0),(1357,1,50,7,0),(1358,1,82,7,0),(1359,1,93,7,0),(1360,1,34,7,0),(1361,1,45,7,0),(1362,1,85,7,0),(1363,1,51,7,0),(1364,1,85,7,0),(1365,1,98,7,0),(1366,1,72,7,0),(1367,1,51,7,0),(1368,1,68,7,0),(1369,1,26,7,0),(1370,1,21,7,0),(1371,1,57,7,0),(1372,1,88,7,0),(1373,1,50,7,0),(1374,1,89,7,0),(1375,1,24,7,0),(1376,1,6,7,0),(1377,1,37,7,0),(1378,1,43,7,0),(1379,1,68,7,0),(1380,1,22,7,0),(1381,1,30,7,0),(1382,1,66,7,0),(1383,1,6,7,0),(1384,1,66,7,0),(1385,1,65,7,0),(1386,1,26,7,0),(1387,1,99,7,0),(1388,1,67,7,0),(1389,1,51,7,0),(1390,1,66,7,0),(1391,1,11,7,0),(1392,1,48,7,0),(1393,1,53,7,0),(1394,1,75,7,0),(1395,1,11,7,0),(1396,1,7,7,0),(1397,1,91,7,0),(1398,1,37,7,0),(1399,1,99,7,0),(1400,1,22,7,0),(1401,1,41,7,0),(1402,1,1,7,0),(1403,1,65,7,0),(1404,1,7,7,0),(1405,1,51,7,0),(1406,1,53,7,0),(1407,1,51,7,0),(1408,1,49,7,0),(1409,1,43,7,0),(1410,1,59,7,0),(1411,1,36,7,0),(1412,1,91,7,0),(1413,1,56,7,0),(1414,1,97,7,0),(1415,1,22,7,0),(1416,1,83,7,0),(1417,1,7,7,0),(1418,1,50,7,0),(1419,1,1,7,0),(1420,1,32,7,0),(1421,1,97,7,0),(1422,1,56,7,0),(1423,1,8,7,0),(1424,1,64,7,0),(1425,1,83,7,0),(1426,1,94,7,0),(1427,1,40,7,0),(1428,1,89,7,0),(1429,1,81,7,0),(1430,1,44,7,0),(1431,1,37,7,0),(1432,1,74,7,0),(1433,1,71,7,0),(1434,1,77,7,0),(1435,1,50,7,0),(1436,1,51,7,0),(1437,1,23,7,0),(1438,1,61,7,0),(1439,1,90,7,0),(1440,1,27,7,0),(1441,1,57,7,0),(1442,1,57,7,0),(1443,1,41,7,0),(1444,1,83,7,0),(1445,1,17,7,0),(1446,1,72,7,0),(1447,1,72,7,0),(1448,1,87,7,0),(1449,1,17,7,0),(1450,1,4,7,0),(1451,1,68,7,0),(1452,1,95,7,0),(1453,1,3,7,0),(1454,1,75,7,0),(1455,1,7,7,0),(1456,1,69,7,0),(1457,1,30,7,0),(1458,1,12,7,0),(1459,1,49,7,0),(1460,1,27,7,0),(1461,1,10,7,0),(1462,1,5,7,0),(1463,1,23,7,0),(1464,1,37,7,0),(1465,1,99,7,0),(1466,1,86,7,0),(1467,1,69,7,0),(1468,1,92,7,0),(1469,1,70,7,0),(1470,1,68,7,0),(1471,1,41,7,0),(1472,1,0,7,0),(1473,1,34,7,0),(1474,1,4,7,0),(1475,1,66,7,0),(1476,1,16,7,0),(1477,1,37,7,0),(1478,1,68,7,0),(1479,1,11,7,0),(1480,1,17,7,0),(1481,1,80,7,0),(1482,1,93,7,0),(1483,1,41,7,0),(1484,1,46,7,0),(1485,1,55,7,0),(1486,1,22,7,0),(1487,1,95,7,0),(1488,1,95,7,0),(1489,1,66,7,0),(1490,1,1,7,0),(1491,1,92,7,0),(1492,1,36,7,0),(1493,1,16,7,0),(1494,1,12,7,0),(1495,1,28,7,0),(1496,1,6,7,0),(1497,1,65,7,0),(1498,1,28,7,0),(1499,1,16,7,0),(1500,1,93,7,0),(1501,1,7,7,0),(1502,1,42,7,0),(1503,1,12,7,0),(1504,1,17,7,0),(1505,1,95,7,0),(1506,1,77,7,0),(1507,1,15,7,0),(1508,1,31,7,0),(1509,1,22,7,0),(1510,1,56,7,0),(1511,1,23,7,0),(1512,1,50,7,0),(1513,1,91,7,0),(1514,1,60,7,0),(1515,1,43,7,0),(1516,1,60,7,0),(1517,1,83,7,0),(1518,1,59,7,0),(1519,1,26,7,0),(1520,1,95,7,0),(1521,1,72,7,0),(1522,1,47,7,0),(1523,1,33,7,0),(1524,1,42,7,0),(1525,1,0,7,0),(1526,1,30,7,0),(1527,1,68,7,0),(1528,1,13,7,0),(1529,1,13,7,0),(1530,1,22,7,0),(1531,1,99,7,0),(1532,1,76,7,0),(1533,1,23,7,0),(1534,1,91,7,0),(1535,1,56,7,0),(1536,1,89,7,0),(1537,1,10,7,0),(1538,1,36,7,0),(1539,1,54,7,0),(1540,1,80,7,0),(1541,1,82,7,0),(1542,1,40,7,0),(1543,1,87,7,0),(1544,1,92,7,0),(1545,1,98,7,0),(1546,1,11,7,0),(1547,1,95,7,0),(1548,1,8,7,0),(1549,1,68,7,0),(1550,1,98,7,0),(1551,1,98,7,0),(1552,1,80,7,0),(1553,1,99,7,0),(1554,1,79,7,0),(1555,1,1,7,0),(1556,1,35,7,0),(1557,1,2,7,0),(1558,1,9,7,0),(1559,1,74,7,0),(1560,1,83,7,0),(1561,1,56,7,0),(1562,1,49,7,0),(1563,1,93,7,0),(1564,1,11,7,0),(1565,1,98,7,0),(1566,1,87,7,0),(1567,1,87,7,0),(1568,1,0,7,0),(1569,1,33,7,0),(1570,1,68,7,0),(1571,1,28,7,0),(1572,1,46,7,0),(1573,1,23,7,0),(1574,1,36,7,0),(1575,1,81,7,0),(1576,1,71,7,0),(1577,1,53,7,0),(1578,1,47,7,0),(1579,1,1,7,0),(1580,1,12,7,0),(1581,1,49,7,0),(1582,1,9,7,0),(1583,1,81,7,0),(1584,1,79,7,0),(1585,1,3,7,0),(1586,1,56,7,0),(1587,1,72,7,0),(1588,1,0,7,0),(1589,1,61,7,0),(1590,1,27,7,0),(1591,1,56,7,0),(1592,1,11,7,0),(1593,1,41,7,0),(1594,1,93,7,0),(1595,1,79,7,0),(1596,1,48,7,0),(1597,1,87,7,0),(1598,1,50,7,0),(1599,1,86,7,0),(1600,1,55,7,0),(1601,1,55,7,0),(1602,1,6,7,0),(1603,1,28,7,0),(1604,1,3,7,0),(1605,1,35,7,0),(1606,1,32,7,0),(1607,1,76,7,0),(1608,1,26,7,0),(1609,1,73,7,0),(1610,1,47,7,0),(1611,1,40,7,0),(1612,1,26,7,0),(1613,1,16,7,0),(1614,1,1,7,0),(1615,1,70,7,0),(1616,1,23,7,0),(1617,1,96,7,0),(1618,1,56,7,0),(1619,1,61,7,0),(1620,1,73,7,0),(1621,1,51,7,0),(1622,1,87,7,0),(1623,1,57,7,0),(1624,1,77,7,0),(1625,1,61,7,0),(1626,1,1,7,0),(1627,1,40,7,0),(1628,1,45,7,0),(1629,1,8,7,0),(1630,1,89,7,0),(1631,1,9,7,0),(1632,1,17,7,0),(1633,1,41,7,0),(1634,1,10,7,0),(1635,1,67,7,0),(1636,1,98,7,0),(1637,1,70,7,0),(1638,1,37,7,0),(1639,1,8,7,0),(1640,1,93,7,0),(1641,1,41,7,0),(1642,1,93,7,0),(1643,1,80,7,0),(1644,1,59,7,0),(1645,1,3,7,0),(1646,1,7,7,0),(1647,1,93,7,0),(1648,1,60,7,0),(1649,1,23,7,0),(1650,1,64,7,0),(1651,1,52,7,0),(1652,1,6,7,0),(1653,1,38,7,0),(1654,1,49,7,0),(1655,1,13,7,0),(1656,1,2,7,0),(1657,1,78,7,0),(1658,1,46,7,0),(1659,1,41,7,0),(1660,1,7,7,0),(1661,1,23,7,0),(1662,1,75,7,0),(1663,1,49,7,0),(1664,1,55,7,0),(1665,1,22,7,0),(1666,1,63,7,0),(1667,1,52,7,0),(1668,1,74,7,0),(1669,1,58,7,0),(1670,1,2,7,0),(1671,1,85,7,0),(1672,1,49,7,0),(1673,1,33,7,0),(1674,1,42,7,0),(1675,1,87,7,0),(1676,1,91,7,0),(1677,1,71,7,0),(1678,1,30,7,0),(1679,1,49,7,0),(1680,1,3,7,0),(1681,1,63,7,0),(1682,1,84,7,0),(1683,1,14,7,0),(1684,1,51,7,0),(1685,1,67,7,0),(1686,1,33,7,0),(1687,1,52,7,0),(1688,1,82,7,0),(1689,1,54,7,0),(1690,1,16,7,0),(1691,1,29,7,0),(1692,1,74,7,0),(1693,1,41,7,0),(1694,1,47,7,0),(1695,1,48,7,0),(1696,1,52,7,0),(1697,1,42,7,0),(1698,1,98,7,0),(1699,1,21,7,0),(1700,1,73,7,0),(1701,1,93,7,0),(1702,1,94,7,0),(1703,1,23,7,0),(1704,1,81,7,0),(1705,1,58,7,0),(1706,1,17,7,0),(1707,1,50,7,0),(1708,1,18,7,0),(1709,1,92,7,0),(1710,1,78,7,0),(1711,1,40,7,0),(1712,1,4,7,0),(1713,1,0,7,0),(1714,1,79,7,0),(1715,1,67,7,0),(1716,1,80,7,0),(1717,1,69,7,0),(1718,1,76,7,0),(1719,1,98,7,0),(1720,1,60,7,0),(1721,1,60,7,0),(1722,1,98,7,0),(1723,1,1,7,0),(1724,1,98,7,0),(1725,1,74,7,0),(1726,1,87,7,0),(1727,1,11,7,0),(1728,1,85,7,0),(1729,1,73,7,0),(1730,1,30,7,0),(1731,1,66,7,0),(1732,1,13,7,0),(1733,1,84,7,0),(1734,1,31,7,0),(1735,1,74,7,0),(1736,1,81,7,0),(1737,1,70,7,0),(1738,1,71,7,0),(1739,1,79,7,0),(1740,1,56,7,0),(1741,1,66,7,0),(1742,1,31,7,0),(1743,1,85,7,0),(1744,1,5,7,0),(1745,1,10,7,0),(1746,1,6,7,0),(1747,1,82,7,0),(1748,1,53,7,0),(1749,1,46,7,0),(1750,1,40,7,0),(1751,1,95,7,0),(1752,1,48,7,0),(1753,1,25,7,0),(1754,1,89,7,0),(1755,1,17,7,0),(1756,1,39,7,0),(1757,1,49,7,0),(1758,1,83,7,0),(1759,1,83,7,0),(1760,1,28,7,0),(1761,1,32,7,0),(1762,1,61,7,0),(1763,1,8,7,0),(1764,1,71,7,0),(1765,1,75,7,0),(1766,1,24,7,0),(1767,1,78,7,0),(1768,1,74,7,0),(1769,1,80,7,0),(1770,1,24,7,0),(1771,1,6,7,0),(1772,1,53,7,0),(1773,1,44,7,0),(1774,1,53,7,0),(1775,1,28,7,0),(1776,1,24,7,0),(1777,1,34,7,0),(1778,1,5,7,0),(1779,1,84,7,0),(1780,1,70,7,0),(1781,1,32,7,0),(1782,1,63,7,0),(1783,1,15,7,0),(1784,1,46,7,0),(1785,1,7,7,0),(1786,1,8,7,0),(1787,1,0,7,0),(1788,1,97,7,0),(1789,1,63,7,0),(1790,1,57,7,0),(1791,1,90,7,0),(1792,1,4,7,0),(1793,1,54,7,0),(1794,1,8,7,0),(1795,1,46,7,0),(1796,1,7,7,0),(1797,1,9,7,0),(1798,1,30,7,0),(1799,1,95,7,0),(1800,1,79,7,0),(1801,1,57,7,0),(1802,1,24,7,0),(1803,1,30,7,0),(1804,1,17,7,0),(1805,1,27,7,0),(1806,1,49,7,0),(1807,1,41,7,0),(1808,1,17,7,0),(1809,1,3,7,0),(1810,1,99,7,0),(1811,1,40,7,0),(1812,1,38,7,0),(1813,1,28,7,0),(1814,1,4,7,0),(1815,1,78,7,0),(1816,1,47,7,0),(1817,1,40,7,0),(1818,1,81,7,0),(1819,1,50,7,0),(1820,1,8,7,0),(1821,1,24,7,0),(1822,1,78,7,0),(1823,1,97,7,0),(1824,1,27,7,0),(1825,1,91,7,0),(1826,1,86,7,0),(1827,1,61,7,0),(1828,1,69,7,0),(1829,1,32,7,0),(1830,1,55,7,0),(1831,1,37,7,0),(1832,1,5,7,0),(1833,1,71,7,0),(1834,1,42,7,0),(1835,1,12,7,0),(1836,1,11,7,0),(1837,1,43,7,0),(1838,1,45,7,0),(1839,1,56,7,0),(1840,1,59,7,0),(1841,1,65,7,0),(1842,1,49,7,0),(1843,1,91,7,0),(1844,1,11,7,0),(1845,1,62,7,0),(1846,1,83,7,0),(1847,1,32,7,0),(1848,1,31,7,0),(1849,1,12,7,0),(1850,1,70,7,0),(1851,1,4,7,0),(1852,1,75,7,0),(1853,1,68,7,0),(1854,1,63,7,0),(1855,1,45,7,0),(1856,1,81,7,0),(1857,1,51,7,0),(1858,1,29,7,0),(1859,1,69,7,0),(1860,1,37,7,0),(1861,1,70,7,0),(1862,1,89,7,0),(1863,1,20,7,0),(1864,1,63,7,0),(1865,1,72,7,0),(1866,1,23,7,0),(1867,1,87,7,0),(1868,1,13,7,0),(1869,1,68,7,0),(1870,1,83,7,0),(1871,1,41,7,0),(1872,1,30,7,0),(1873,1,97,7,0),(1874,1,62,7,0),(1875,1,24,7,0),(1876,1,47,7,0),(1877,1,21,7,0),(1878,1,20,7,0),(1879,1,77,7,0),(1880,1,81,7,0),(1881,1,21,7,0),(1882,1,91,7,0),(1883,1,26,7,0),(1884,1,68,7,0),(1885,1,51,7,0),(1886,1,75,7,0),(1887,1,0,7,0),(1888,1,50,7,0),(1889,1,11,7,0),(1890,1,54,7,0),(1891,1,33,7,0),(1892,1,35,7,0),(1893,1,24,7,0),(1894,1,62,7,0),(1895,1,44,7,0),(1896,1,38,7,0),(1897,1,15,7,0),(1898,1,86,7,0),(1899,1,28,7,0),(1900,1,78,7,0),(1901,1,90,7,0),(1902,1,34,7,0),(1903,1,68,7,0),(1904,1,99,7,0),(1905,1,70,7,0),(1906,1,7,7,0),(1907,1,92,7,0),(1908,1,80,7,0),(1909,1,23,7,0),(1910,1,83,7,0),(1911,1,93,7,0),(1912,1,1,7,0),(1913,1,9,7,0),(1914,1,9,7,0),(1915,1,79,7,0),(1916,1,61,7,0),(1917,1,84,7,0),(1918,1,82,7,0),(1919,1,56,7,0),(1920,1,87,7,0),(1921,1,34,7,0),(1922,1,73,7,0),(1923,1,89,7,0),(1924,1,91,7,0),(1925,1,14,7,0),(1926,1,8,7,0),(1927,1,17,7,0),(1928,1,5,7,0),(1929,1,25,7,0),(1930,1,68,7,0),(1931,1,86,7,0),(1932,1,25,7,0),(1933,1,36,7,0),(1934,1,58,7,0),(1935,1,61,7,0),(1936,1,17,7,0),(1937,1,16,7,0),(1938,1,32,7,0),(1939,1,26,7,0),(1940,1,24,7,0),(1941,1,34,7,0),(1942,1,0,7,0),(1943,1,41,7,0),(1944,1,55,7,0),(1945,1,27,7,0),(1946,1,36,7,0),(1947,1,7,7,0),(1948,1,75,7,0),(1949,1,49,7,0),(1950,1,72,7,0),(1951,1,88,7,0),(1952,1,64,7,0),(1953,1,41,7,0),(1954,1,93,7,0),(1955,1,47,7,0),(1956,1,61,7,0),(1957,1,47,7,0),(1958,1,82,7,0),(1959,1,64,7,0),(1960,1,48,7,0),(1961,1,4,7,0),(1962,1,77,7,0),(1963,1,66,7,0),(1964,1,39,7,0),(1965,1,7,7,0),(1966,1,67,7,0),(1967,1,96,7,0),(1968,1,53,7,0),(1969,1,88,7,0),(1970,1,53,7,0),(1971,1,79,7,0),(1972,1,80,7,0),(1973,1,99,7,0),(1974,1,56,7,0),(1975,1,79,7,0),(1976,1,56,7,0),(1977,1,76,7,0),(1978,1,96,7,0),(1979,1,11,7,0),(1980,1,75,7,0),(1981,1,84,7,0),(1982,1,13,7,0),(1983,1,47,7,0),(1984,1,75,7,0),(1985,1,50,7,0),(1986,1,7,7,0),(1987,1,40,7,0),(1988,1,64,7,0),(1989,1,97,7,0),(1990,1,88,7,0),(1991,1,51,7,0),(1992,1,76,7,0),(1993,1,19,7,0),(1994,1,36,7,0),(1995,1,52,7,0),(1996,1,68,7,0),(1997,1,95,7,0),(1998,1,53,7,0),(1999,1,81,7,0),(2000,1,54,7,0),(2001,1,64,7,0),(2002,1,13,7,0),(2003,1,78,7,0),(2004,1,36,7,0),(2005,1,13,7,0),(2006,1,98,7,0),(2007,1,72,7,0),(2008,1,24,7,0),(2009,1,70,7,0),(2010,1,44,7,0),(2011,1,19,7,0),(2012,1,63,7,0),(2013,1,61,7,0),(2014,1,66,7,0),(2015,1,83,7,0),(2016,1,86,7,0),(2017,1,79,7,0),(2018,1,38,7,0),(2019,1,34,7,0),(2020,1,62,7,0),(2021,1,82,7,0),(2022,1,23,7,0),(2023,1,71,7,0),(2024,1,84,7,0),(2025,1,98,7,0),(2026,1,78,7,0),(2027,1,99,7,0),(2028,1,12,7,0),(2029,1,63,7,0),(2030,1,77,7,0),(2031,1,76,7,0),(2032,1,44,7,0),(2033,1,46,7,0),(2034,1,93,7,0),(2035,1,4,7,0),(2036,1,8,7,0),(2037,1,98,7,0),(2038,1,78,7,0),(2039,1,40,7,0),(2040,1,94,7,0),(2041,1,43,7,0),(2042,1,65,7,0),(2043,1,6,7,0),(2044,1,24,7,0),(2045,1,46,7,0),(2046,1,49,7,0),(2047,1,34,7,0),(2048,1,5,7,0),(2049,1,39,7,0),(2050,1,19,7,0),(2051,1,85,7,0),(2052,1,53,7,0),(2053,1,35,7,0),(2054,1,17,7,0),(2055,1,28,7,0),(2056,1,56,7,0),(2057,1,54,7,0),(2058,1,47,7,0),(2059,1,27,7,0),(2060,1,47,7,0),(2061,1,45,7,0),(2062,1,93,7,0),(2063,1,14,7,0),(2064,1,28,7,0),(2065,1,26,7,0),(2066,1,44,7,0),(2067,1,29,7,0),(2068,1,76,7,0),(2069,1,16,7,0),(2070,1,96,7,0),(2071,1,56,7,0),(2072,1,42,7,0),(2073,1,67,7,0),(2074,1,6,7,0),(2075,1,33,7,0),(2076,1,26,7,0),(2077,1,25,7,0),(2078,1,20,7,0),(2079,1,42,7,0),(2080,1,63,7,0),(2081,1,59,7,0),(2082,1,18,7,0),(2083,1,4,7,0),(2084,1,79,7,0),(2085,1,47,7,0),(2086,1,48,7,0),(2087,1,87,7,0),(2088,1,37,7,0),(2089,1,46,7,0),(2090,1,86,7,0),(2091,1,93,7,0),(2092,1,37,7,0),(2093,1,67,7,0),(2094,1,3,7,0),(2095,1,81,7,0),(2096,1,1,7,0),(2097,1,14,7,0),(2098,1,87,7,0),(2099,1,76,7,0),(2100,1,72,7,0),(2101,1,60,7,0),(2102,1,40,7,0),(2103,1,34,7,0),(2104,1,29,7,0),(2105,1,12,7,0),(2106,1,8,7,0),(2107,1,39,7,0),(2108,1,57,7,0),(2109,1,43,7,0),(2110,1,82,7,0),(2111,1,70,7,0),(2112,1,28,7,0),(2113,1,49,7,0),(2114,1,94,7,0),(2115,1,84,7,0),(2116,1,78,7,0),(2117,1,20,7,0),(2118,1,43,7,0),(2119,1,30,7,0),(2120,1,71,7,0),(2121,1,50,7,0),(2122,1,92,7,0),(2123,1,96,7,0),(2124,1,86,7,0),(2125,1,26,7,0),(2126,1,62,7,0),(2127,1,82,7,0),(2128,1,28,7,0),(2129,1,52,7,0),(2130,1,66,7,0),(2131,1,41,7,0),(2132,1,55,7,0),(2133,1,66,7,0),(2134,1,14,7,0),(2135,1,23,7,0),(2136,1,78,7,0),(2137,1,24,7,0),(2138,1,3,7,0),(2139,1,89,7,0),(2140,1,92,7,0),(2141,1,32,7,0),(2142,1,71,7,0),(2143,1,54,7,0),(2144,1,69,7,0),(2145,1,3,7,0),(2146,1,77,7,0),(2147,1,16,7,0),(2148,1,3,7,0),(2149,1,80,7,0),(2150,1,66,7,0),(2151,1,22,7,0),(2152,1,16,7,0),(2153,1,3,7,0),(2154,1,97,7,0),(2155,1,86,7,0),(2156,1,26,7,0),(2157,1,10,7,0),(2158,1,74,7,0),(2159,1,97,7,0),(2160,1,88,7,0),(2161,1,43,7,0),(2162,1,16,7,0),(2163,1,49,7,0),(2164,1,87,7,0),(2165,1,90,7,0),(2166,1,27,7,0),(2167,1,36,7,0),(2168,1,97,7,0),(2169,1,90,7,0),(2170,1,23,7,0),(2171,1,18,7,0),(2172,1,77,7,0),(2173,1,56,7,0),(2174,1,27,7,0),(2175,1,73,7,0),(2176,1,97,7,0),(2177,1,25,7,0),(2178,1,8,7,0),(2179,1,77,7,0),(2180,1,94,7,0),(2181,1,56,7,0),(2182,1,37,7,0),(2183,1,80,7,0),(2184,1,99,7,0),(2185,1,91,7,0),(2186,1,24,7,0),(2187,1,32,7,0),(2188,1,53,7,0),(2189,1,62,7,0),(2190,1,68,7,0),(2191,1,67,7,0),(2192,1,25,7,0),(2193,1,96,7,0),(2194,1,71,7,0),(2195,1,0,7,0),(2196,1,86,7,0),(2197,1,87,7,0),(2198,1,18,7,0),(2199,1,79,7,0),(2200,1,35,7,0),(2201,1,70,7,0),(2202,1,75,7,0),(2203,1,63,7,0),(2204,1,39,7,0),(2205,1,22,7,0),(2206,1,83,7,0),(2207,1,69,7,0),(2208,1,61,7,0),(2209,1,89,7,0),(2210,1,94,7,0),(2211,1,62,7,0),(2212,1,55,7,0),(2213,1,72,7,0),(2214,1,88,7,0),(2215,1,98,7,0),(2216,1,1,7,0),(2217,1,36,7,0),(2218,1,70,7,0),(2219,1,0,7,0),(2220,1,82,7,0),(2221,1,32,7,0),(2222,1,70,7,0),(2223,1,38,7,0),(2224,1,4,7,0),(2225,1,58,7,0),(2226,1,88,7,0),(2227,1,5,7,0),(2228,1,10,7,0),(2229,1,86,7,0),(2230,1,71,7,0),(2231,1,34,7,0),(2232,1,63,7,0),(2233,1,81,7,0),(2234,1,20,7,0),(2235,1,68,7,0),(2236,1,33,7,0),(2237,1,24,7,0),(2238,1,29,7,0),(2239,1,53,7,0),(2240,1,32,7,0),(2241,1,5,7,0),(2242,1,37,7,0),(2243,1,76,7,0),(2244,1,50,7,0),(2245,1,43,7,0),(2246,1,44,7,0),(2247,1,50,7,0),(2248,1,64,7,0),(2249,1,66,7,0),(2250,1,59,7,0),(2251,1,54,7,0),(2252,1,67,7,0),(2253,1,86,7,0),(2254,1,22,7,0),(2255,1,63,7,0),(2256,1,56,7,0),(2257,1,57,7,0),(2258,1,26,7,0),(2259,1,85,7,0),(2260,1,93,7,0),(2261,1,11,7,0),(2262,1,98,7,0),(2263,1,63,7,0),(2264,1,54,7,0),(2265,1,18,7,0),(2266,1,25,7,0),(2267,1,52,7,0),(2268,1,97,7,0),(2269,1,16,7,0),(2270,1,71,7,0),(2271,1,85,7,0),(2272,1,18,7,0),(2273,1,84,7,0),(2274,1,82,7,0),(2275,1,75,7,0),(2276,1,34,7,0),(2277,1,58,7,0),(2278,1,95,7,0),(2279,1,66,7,0),(2280,1,83,7,0),(2281,1,23,7,0),(2282,1,70,7,0),(2283,1,97,7,0),(2284,1,26,7,0),(2285,1,45,7,0),(2286,1,75,7,0),(2287,1,99,7,0),(2288,1,54,7,0),(2289,1,65,7,0),(2290,1,31,7,0),(2291,1,71,7,0),(2292,1,12,7,0),(2293,1,6,7,0),(2294,1,91,7,0),(2295,1,88,7,0),(2296,1,39,7,0),(2297,1,53,7,0),(2298,1,7,7,0),(2299,1,19,7,0),(2300,1,57,7,0),(2301,1,78,7,0),(2302,1,0,7,0),(2303,1,97,7,0),(2304,1,96,7,0),(2305,1,79,7,0),(2306,1,28,7,0),(2307,1,70,7,0),(2308,1,69,7,0),(2309,1,38,7,0),(2310,1,11,7,0),(2311,1,52,7,0),(2312,1,99,7,0),(2313,1,81,7,0),(2314,1,92,7,0),(2315,1,50,7,0),(2316,1,48,7,0),(2317,1,25,7,0),(2318,1,36,7,0),(2319,1,56,7,0),(2320,1,9,7,0),(2321,1,50,7,0),(2322,1,63,7,0),(2323,1,52,7,0),(2324,1,71,7,0),(2325,1,18,7,0),(2326,1,54,7,0),(2327,1,43,7,0),(2328,1,7,7,0),(2329,1,71,7,0),(2330,1,18,7,0),(2331,1,22,7,0),(2332,1,26,7,0),(2333,1,96,7,0),(2334,1,40,7,0),(2335,1,49,7,0),(2336,1,49,7,0),(2337,1,20,7,0),(2338,1,68,7,0),(2339,1,81,7,0),(2340,1,22,7,0),(2341,1,88,7,0),(2342,1,67,7,0),(2343,1,42,7,0),(2344,1,91,7,0),(2345,1,75,7,0),(2346,1,52,7,0),(2347,1,8,7,0),(2348,1,37,7,0),(2349,1,69,7,0),(2350,1,4,7,0),(2351,1,92,7,0),(2352,1,61,7,0),(2353,1,73,7,0),(2354,1,64,7,0),(2355,1,7,7,0),(2356,1,98,7,0),(2357,1,17,7,0),(2358,1,36,7,0),(2359,1,90,7,0),(2360,1,24,7,0),(2361,1,55,7,0),(2362,1,61,7,0),(2363,1,64,7,0),(2364,1,68,7,0),(2365,1,88,7,0),(2366,1,43,7,0),(2367,1,81,7,0),(2368,1,90,7,0),(2369,1,65,7,0),(2370,1,26,7,0),(2371,1,45,7,0),(2372,1,36,7,0),(2373,1,59,7,0),(2374,1,71,7,0),(2375,1,78,7,0),(2376,1,64,7,0),(2377,1,94,7,0),(2378,1,72,7,0),(2379,1,0,7,0),(2380,1,93,7,0),(2381,1,82,7,0),(2382,1,84,7,0),(2383,1,93,7,0),(2384,1,31,7,0),(2385,1,81,7,0),(2386,1,28,7,0),(2387,1,33,7,0),(2388,1,81,7,0),(2389,1,21,7,0),(2390,1,7,7,0),(2391,1,55,7,0),(2392,1,13,7,0),(2393,1,97,7,0),(2394,1,1,7,0),(2395,1,70,7,0),(2396,1,51,7,0),(2397,1,3,7,0),(2398,1,77,7,0),(2399,1,61,7,0),(2400,1,74,7,0),(2401,1,70,7,0),(2402,1,37,7,0),(2403,1,82,7,0),(2404,1,52,7,0),(2405,1,46,7,0),(2406,1,23,7,0),(2407,1,71,7,0),(2408,1,77,7,0),(2409,1,4,7,0),(2410,1,85,7,0),(2411,1,65,7,0),(2412,1,52,7,0),(2413,1,36,7,0),(2414,1,49,7,0),(2415,1,81,7,0),(2416,1,70,7,0),(2417,1,15,7,0),(2418,1,80,7,0),(2419,1,17,7,0),(2420,1,92,7,0),(2421,1,26,7,0),(2422,1,49,7,0),(2423,1,44,7,0),(2424,1,40,7,0),(2425,1,41,7,0),(2426,1,46,7,0),(2427,1,24,7,0),(2428,1,3,7,0),(2429,1,5,7,0),(2430,1,78,7,0),(2431,1,37,7,0),(2432,1,54,7,0),(2433,1,41,7,0),(2434,1,30,7,0),(2435,1,11,7,0),(2436,1,95,7,0),(2437,1,84,7,0),(2438,1,99,7,0),(2439,1,52,7,0),(2440,1,95,7,0),(2441,1,79,7,0),(2442,1,98,7,0),(2443,1,32,7,0),(2444,1,66,7,0),(2445,1,51,7,0),(2446,1,4,7,0),(2447,1,86,7,0),(2448,1,63,7,0),(2449,1,81,7,0),(2450,1,27,7,0),(2451,1,40,7,0),(2452,1,67,7,0),(2453,1,34,7,0),(2454,1,9,7,0),(2455,1,20,7,0),(2456,1,13,7,0),(2457,1,84,7,0),(2458,1,88,7,0),(2459,1,45,7,0),(2460,1,68,7,0),(2461,1,42,7,0),(2462,1,7,7,0),(2463,1,1,7,0),(2464,1,44,7,0),(2465,1,88,7,0),(2466,1,77,7,0),(2467,1,32,7,0),(2468,1,99,7,0),(2469,1,30,7,0),(2470,1,80,7,0),(2471,1,67,7,0),(2472,1,48,7,0),(2473,1,87,7,0),(2474,1,61,7,0),(2475,1,64,7,0),(2476,1,87,7,0),(2477,1,95,7,0),(2478,1,15,7,0),(2479,1,30,7,0),(2480,1,89,7,0),(2481,1,9,7,0),(2482,1,30,7,0),(2483,1,53,7,0),(2484,1,30,7,0),(2485,1,76,7,0),(2486,1,79,7,0),(2487,1,7,7,0),(2488,1,44,7,0),(2489,1,33,7,0),(2490,1,58,7,0),(2491,1,22,7,0),(2492,1,78,7,0),(2493,1,33,7,0),(2494,1,39,7,0),(2495,1,81,7,0),(2496,1,87,7,0),(2497,1,90,7,0),(2498,1,81,7,0),(2499,1,47,7,0),(2500,1,69,7,0),(2501,1,76,7,0),(2502,1,5,7,0),(2503,1,11,7,0),(2504,1,83,7,0),(2505,1,2,7,0),(2506,1,67,7,0),(2507,1,70,7,0),(2508,1,79,7,0),(2509,1,87,7,0),(2510,1,52,7,0),(2511,1,23,7,0),(2512,1,44,7,0),(2513,1,63,7,0),(2514,1,21,7,0),(2515,1,93,7,0),(2516,1,92,7,0),(2517,1,35,7,0),(2518,1,11,7,0),(2519,1,4,7,0),(2520,1,66,7,0),(2521,1,20,7,0),(2522,1,92,7,0),(2523,1,82,7,0),(2524,1,48,7,0),(2525,1,8,7,0),(2526,1,30,7,0),(2527,1,17,7,0),(2528,1,8,7,0),(2529,1,16,7,0),(2530,1,95,7,0),(2531,1,49,7,0),(2532,1,69,7,0),(2533,1,9,7,0),(2534,1,17,7,0),(2535,1,60,7,0),(2536,1,77,7,0),(2537,1,46,7,0),(2538,1,84,7,0),(2539,1,18,7,0),(2540,1,13,7,0),(2541,1,44,7,0),(2542,1,50,7,0),(2543,1,75,7,0),(2544,1,53,7,0),(2545,1,49,7,0),(2546,1,83,7,0),(2547,1,4,7,0),(2548,1,31,7,0),(2549,1,84,7,0),(2550,1,26,7,0),(2551,1,37,7,0),(2552,1,10,7,0),(2553,1,61,7,0),(2554,1,60,7,0),(2555,1,78,7,0),(2556,1,0,7,0),(2557,1,5,7,0),(2558,1,16,7,0),(2559,1,53,7,0),(2560,1,69,7,0),(2561,1,16,7,0),(2562,1,7,7,0),(2563,1,8,7,0),(2564,1,87,7,0),(2565,1,47,7,0),(2566,1,34,7,0),(2567,1,21,7,0),(2568,1,64,7,0),(2569,1,10,7,0),(2570,1,91,7,0),(2571,1,59,7,0),(2572,1,19,7,0),(2573,1,78,7,0),(2574,1,29,7,0),(2575,1,81,7,0),(2576,1,87,7,0),(2577,1,21,7,0),(2578,1,41,7,0),(2579,1,92,7,0),(2580,1,25,7,0),(2581,1,54,7,0),(2582,1,18,7,0),(2583,1,69,7,0),(2584,1,49,7,0),(2585,1,77,7,0),(2586,1,44,7,0),(2587,1,53,7,0),(2588,1,16,7,0),(2589,1,69,7,0),(2590,1,85,7,0),(2591,1,69,7,0),(2592,1,54,7,0),(2593,1,48,7,0),(2594,1,92,7,0),(2595,1,68,7,0),(2596,1,3,7,0),(2597,1,80,7,0),(2598,1,12,7,0),(2599,1,72,7,0),(2600,1,20,7,0),(2601,1,34,7,0),(2602,1,65,7,0),(2603,1,81,7,0),(2604,1,47,7,0),(2605,1,65,7,0),(2606,1,50,7,0),(2607,1,96,7,0),(2608,1,51,7,0),(2609,1,82,7,0),(2610,1,90,7,0),(2611,1,76,7,0),(2612,1,63,7,0),(2613,1,67,7,0),(2614,1,17,7,0),(2615,1,72,7,0),(2616,1,46,7,0),(2617,1,55,7,0),(2618,1,12,7,0),(2619,1,20,7,0),(2620,1,62,7,0),(2621,1,71,7,0),(2622,1,30,7,0),(2623,1,26,7,0),(2624,1,58,7,0),(2625,1,7,7,0),(2626,1,79,7,0),(2627,1,40,7,0),(2628,1,12,7,0),(2629,1,21,7,0),(2630,1,77,7,0),(2631,1,84,7,0),(2632,1,64,7,0),(2633,1,67,7,0),(2634,1,17,7,0),(2635,1,93,7,0),(2636,1,7,7,0),(2637,1,92,7,0),(2638,1,47,7,0),(2639,1,10,7,0),(2640,1,8,7,0),(2641,1,76,7,0),(2642,1,0,7,0),(2643,1,78,7,0),(2644,1,89,7,0),(2645,1,9,7,0),(2646,1,78,7,0),(2647,1,98,7,0),(2648,1,66,7,0),(2649,1,27,7,0),(2650,1,54,7,0),(2651,1,74,7,0),(2652,1,92,7,0),(2653,1,13,7,0),(2654,1,17,7,0),(2655,1,98,7,0),(2656,1,97,7,0),(2657,1,10,7,0),(2658,1,51,7,0),(2659,1,65,7,0),(2660,1,56,7,0),(2661,1,85,7,0),(2662,1,70,7,0),(2663,1,17,7,0),(2664,1,48,7,0),(2665,1,64,7,0),(2666,1,80,7,0),(2667,1,51,7,0),(2668,1,49,7,0),(2669,1,17,7,0),(2670,1,66,7,0),(2671,1,2,7,0),(2672,1,15,7,0),(2673,1,40,7,0),(2674,1,13,7,0),(2675,1,3,7,0),(2676,1,35,7,0),(2677,1,9,7,0),(2678,1,37,7,0),(2679,1,90,7,0),(2680,1,48,7,0),(2681,1,2,7,0),(2682,1,32,7,0),(2683,1,84,7,0),(2684,1,71,7,0),(2685,1,57,7,0),(2686,1,56,7,0),(2687,1,22,7,0),(2688,1,92,7,0),(2689,1,36,7,0),(2690,1,34,7,0),(2691,1,15,7,0),(2692,1,10,7,0),(2693,1,62,7,0),(2694,1,40,7,0),(2695,1,31,7,0),(2696,1,57,7,0),(2697,1,37,7,0),(2698,1,34,7,0),(2699,1,66,7,0),(2700,1,86,7,0),(2701,1,90,7,0),(2702,1,38,7,0),(2703,1,84,7,0),(2704,1,63,7,0),(2705,1,45,7,0),(2706,1,97,7,0),(2707,1,78,7,0),(2708,1,49,7,0),(2709,1,75,7,0),(2710,1,50,7,0),(2711,1,82,7,0),(2712,1,80,7,0),(2713,1,35,7,0),(2714,1,42,7,0),(2715,1,81,7,0),(2716,1,35,7,0),(2717,1,52,7,0),(2718,1,70,7,0),(2719,1,39,7,0),(2720,1,6,7,0),(2721,1,93,7,0),(2722,1,90,7,0),(2723,1,52,7,0),(2724,1,25,7,0),(2725,1,62,7,0),(2726,1,46,7,0),(2727,1,70,7,0),(2728,1,38,7,0),(2729,1,87,7,0),(2730,1,46,7,0),(2731,1,2,7,0),(2732,1,98,7,0),(2733,1,59,7,0),(2734,1,91,7,0),(2735,1,92,7,0),(2736,1,20,7,0),(2737,1,83,7,0),(2738,1,65,7,0),(2739,1,3,7,0),(2740,1,35,7,0),(2741,1,59,7,0),(2742,1,30,7,0),(2743,1,65,7,0),(2744,1,55,7,0),(2745,1,66,7,0),(2746,1,41,7,0),(2747,1,10,7,0),(2748,1,16,7,0),(2749,1,21,7,0),(2750,1,67,7,0),(2751,1,39,7,0),(2752,1,7,7,0),(2753,1,33,7,0),(2754,1,47,7,0),(2755,1,15,7,0),(2756,1,94,7,0),(2757,1,22,7,0),(2758,1,84,7,0),(2759,1,6,7,0),(2760,1,47,7,0),(2761,1,81,7,0),(2762,1,6,7,0),(2763,1,16,7,0),(2764,1,25,7,0),(2765,1,34,7,0),(2766,1,49,7,0),(2767,1,1,7,0),(2768,1,75,7,0),(2769,1,55,7,0),(2770,1,89,7,0),(2771,1,83,7,0),(2772,1,65,7,0),(2773,1,44,7,0),(2774,1,35,7,0),(2775,1,15,7,0),(2776,1,56,7,0),(2777,1,59,7,0),(2778,1,81,7,0),(2779,1,14,7,0),(2780,1,6,7,0),(2781,1,2,7,0),(2782,1,71,7,0),(2783,1,11,7,0),(2784,1,48,7,0),(2785,1,21,7,0),(2786,1,74,7,0),(2787,1,18,7,0),(2788,1,46,7,0),(2789,1,26,7,0),(2790,1,98,7,0),(2791,1,35,7,0),(2792,1,77,7,0),(2793,1,15,7,0),(2794,1,51,7,0),(2795,1,64,7,0),(2796,1,11,7,0),(2797,1,70,7,0),(2798,1,28,7,0),(2799,1,9,7,0),(2800,1,43,7,0),(2801,1,52,7,0),(2802,1,25,7,0),(2803,1,14,7,0),(2804,1,51,7,0),(2805,1,72,7,0),(2806,1,3,7,0),(2807,1,12,7,0),(2808,1,32,7,0),(2809,1,83,7,0),(2810,1,54,7,0),(2811,1,26,7,0),(2812,1,25,7,0),(2813,1,93,7,0),(2814,1,42,7,0),(2815,1,96,7,0),(2816,1,61,7,0),(2817,1,24,7,0),(2818,1,43,7,0),(2819,1,49,7,0),(2820,1,71,7,0),(2821,1,86,7,0),(2822,1,24,7,0),(2823,1,85,7,0),(2824,1,99,7,0),(2825,1,73,7,0),(2826,1,4,7,0),(2827,1,65,7,0),(2828,1,63,7,0),(2829,1,22,7,0),(2830,1,72,7,0),(2831,1,63,7,0),(2832,1,24,7,0),(2833,1,94,7,0),(2834,1,84,7,0),(2835,1,87,7,0),(2836,1,4,7,0),(2837,1,17,7,0),(2838,1,65,7,0),(2839,1,52,7,0),(2840,1,6,7,0),(2841,1,65,7,0),(2842,1,7,7,0),(2843,1,10,7,0),(2844,1,97,7,0),(2845,1,59,7,0),(2846,1,61,7,0),(2847,1,24,7,0),(2848,1,60,7,0),(2849,1,54,7,0),(2850,1,94,7,0),(2851,1,41,7,0),(2852,1,94,7,0),(2853,1,37,7,0),(2854,1,75,7,0),(2855,1,84,7,0),(2856,1,82,7,0),(2857,1,76,7,0),(2858,1,99,7,0),(2859,1,88,7,0),(2860,1,87,7,0),(2861,1,79,7,0),(2862,1,18,7,0),(2863,1,27,7,0),(2864,1,99,7,0),(2865,1,45,7,0),(2866,1,35,7,0),(2867,1,75,7,0),(2868,1,42,7,0),(2869,1,75,7,0),(2870,1,41,7,0),(2871,1,56,7,0),(2872,1,30,7,0),(2873,1,33,7,0),(2874,1,57,7,0),(2875,1,97,7,0),(2876,1,61,7,0),(2877,1,52,7,0),(2878,1,66,7,0),(2879,1,37,7,0),(2880,1,79,7,0),(2881,1,79,7,0),(2882,1,86,7,0),(2883,1,14,7,0),(2884,1,11,7,0),(2885,1,44,7,0),(2886,1,41,7,0),(2887,1,76,7,0),(2888,1,89,7,0),(2889,1,71,7,0),(2890,1,21,7,0),(2891,1,32,7,0),(2892,1,50,7,0),(2893,1,36,7,0),(2894,1,17,7,0),(2895,1,49,7,0),(2896,1,12,7,0),(2897,1,50,7,0),(2898,1,78,7,0),(2899,1,69,7,0),(2900,1,87,7,0),(2901,1,36,7,0),(2902,1,43,7,0),(2903,1,30,7,0),(2904,1,9,7,0),(2905,1,60,7,0),(2906,1,32,7,0),(2907,1,71,7,0),(2908,1,63,7,0),(2909,1,56,7,0),(2910,1,39,7,0),(2911,1,25,7,0),(2912,1,10,7,0),(2913,1,76,7,0),(2914,1,0,7,0),(2915,1,19,7,0),(2916,1,66,7,0),(2917,1,27,7,0),(2918,1,4,7,0),(2919,1,61,7,0),(2920,1,33,7,0),(2921,1,2,7,0),(2922,1,73,7,0),(2923,1,86,7,0),(2924,1,11,7,0),(2925,1,79,7,0),(2926,1,24,7,0),(2927,1,85,7,0),(2928,1,17,7,0),(2929,1,44,7,0),(2930,1,0,7,0),(2931,1,38,7,0),(2932,1,69,7,0),(2933,1,6,7,0),(2934,1,51,7,0),(2935,1,7,7,0),(2936,1,10,7,0),(2937,1,77,7,0),(2938,1,7,7,0),(2939,1,1,7,0),(2940,1,1,7,0),(2941,1,38,7,0),(2942,1,31,7,0),(2943,1,98,7,0),(2944,1,60,7,0),(2945,1,12,7,0),(2946,1,63,7,0),(2947,1,28,7,0),(2948,1,62,7,0),(2949,1,30,7,0),(2950,1,99,7,0),(2951,1,23,7,0),(2952,1,21,7,0),(2953,1,49,7,0),(2954,1,68,7,0),(2955,1,85,7,0),(2956,1,12,7,0),(2957,1,42,7,0),(2958,1,10,7,0),(2959,1,63,7,0),(2960,1,24,7,0),(2961,1,35,7,0),(2962,1,74,7,0),(2963,1,61,7,0),(2964,1,54,7,0),(2965,1,6,7,0),(2966,1,73,7,0),(2967,1,55,7,0),(2968,1,34,7,0),(2969,1,20,7,0),(2970,1,75,7,0),(2971,1,31,7,0),(2972,1,77,7,0),(2973,1,55,7,0),(2974,1,74,7,0),(2975,1,82,7,0),(2976,1,85,7,0),(2977,1,28,7,0),(2978,1,53,7,0),(2979,1,98,7,0),(2980,1,5,7,0),(2981,1,80,7,0),(2982,1,98,7,0),(2983,1,42,7,0),(2984,1,9,7,0),(2985,1,69,7,0),(2986,1,50,7,0),(2987,1,86,7,0),(2988,1,19,7,0),(2989,1,26,7,0),(2990,1,76,7,0),(2991,1,83,7,0),(2992,1,49,7,0),(2993,1,7,7,0),(2994,1,15,7,0),(2995,1,75,7,0),(2996,1,47,7,0),(2997,1,84,7,0),(2998,1,54,7,0),(2999,1,54,7,0),(3000,1,28,7,0),(3001,1,49,7,0),(3002,1,99,7,0),(3003,1,4,7,0),(3004,1,5,7,0),(3005,1,63,7,0),(3006,1,4,7,0),(3007,1,87,7,0),(3008,1,82,7,0),(3009,1,22,7,0),(3010,1,55,7,0),(3011,1,21,7,0),(3012,1,66,7,0),(3013,1,91,7,0),(3014,1,41,7,0),(3015,1,79,7,0),(3016,1,42,7,0),(3017,1,9,7,0),(3018,1,78,7,0),(3019,1,53,7,0),(3020,1,9,7,0),(3021,1,7,7,0),(3022,1,43,7,0),(3023,1,49,7,0),(3024,1,67,7,0),(3025,0,0,7,0),(3026,0,0,7,0),(3027,0,0,7,0),(3028,0,0,7,0),(3029,0,0,7,0),(3030,0,0,7,0),(3031,0,0,7,0),(3032,0,0,7,0),(3033,0,0,7,0);
/*!40000 ALTER TABLE `finished_course_detailes` ENABLE KEYS */;
UNLOCK TABLES;

--
-- Table structure for table `parent`
--

DROP TABLE IF EXISTS `parent`;
/*!40101 SET @saved_cs_client     = @@character_set_client */;
/*!40101 SET character_set_client = utf8 */;
CREATE TABLE `parent` (
  `parentId` int(11) NOT NULL AUTO_INCREMENT,
  `user_id` int(11) NOT NULL,
  PRIMARY KEY (`parentId`,`user_id`),
  KEY `fk_parent_user1_idx` (`user_id`),
  CONSTRAINT `fk_parent_user1` FOREIGN KEY (`user_id`) REFERENCES `user` (`id`) ON DELETE NO ACTION ON UPDATE NO ACTION
) ENGINE=InnoDB AUTO_INCREMENT=4 DEFAULT CHARSET=utf8;
/*!40101 SET character_set_client = @saved_cs_client */;

--
-- Dumping data for table `parent`
--

LOCK TABLES `parent` WRITE;
/*!40000 ALTER TABLE `parent` DISABLE KEYS */;
INSERT INTO `parent` VALUES (1,127);
/*!40000 ALTER TABLE `parent` ENABLE KEYS */;
UNLOCK TABLES;

--
-- Table structure for table `parent_has_student`
--

DROP TABLE IF EXISTS `parent_has_student`;
/*!40101 SET @saved_cs_client     = @@character_set_client */;
/*!40101 SET character_set_client = utf8 */;
CREATE TABLE `parent_has_student` (
  `parent_parentId` int(11) NOT NULL,
  `student_idstudent` int(11) NOT NULL,
  `student_user_id` int(11) NOT NULL,
  `isBlocked` tinyint(4) DEFAULT '0',
  PRIMARY KEY (`parent_parentId`,`student_idstudent`,`student_user_id`),
  KEY `fk_parent_has_student_student1_idx` (`student_idstudent`,`student_user_id`),
  KEY `fk_parent_has_student_parent1_idx` (`parent_parentId`),
  CONSTRAINT `fk_parent_has_student_parent1` FOREIGN KEY (`parent_parentId`) REFERENCES `parent` (`parentId`) ON DELETE NO ACTION ON UPDATE NO ACTION,
  CONSTRAINT `fk_parent_has_student_student1` FOREIGN KEY (`student_idstudent`, `student_user_id`) REFERENCES `student` (`idstudent`, `user_id`) ON DELETE NO ACTION ON UPDATE NO ACTION
) ENGINE=InnoDB DEFAULT CHARSET=utf8;
/*!40101 SET character_set_client = @saved_cs_client */;

--
-- Dumping data for table `parent_has_student`
--

LOCK TABLES `parent_has_student` WRITE;
/*!40000 ALTER TABLE `parent_has_student` DISABLE KEYS */;
INSERT INTO `parent_has_student` VALUES (1,1,124,0);
/*!40000 ALTER TABLE `parent_has_student` ENABLE KEYS */;
UNLOCK TABLES;

--
-- Table structure for table `prev_requested_course`
--

DROP TABLE IF EXISTS `prev_requested_course`;
/*!40101 SET @saved_cs_client     = @@character_set_client */;
/*!40101 SET character_set_client = utf8 */;
CREATE TABLE `prev_requested_course` (
  `course_courseId` int(11) NOT NULL,
  `course_teachingunit_teachingUnitId` int(11) NOT NULL,
  `course_courseId1` int(11) NOT NULL,
  `course_teachingunit_teachingUnitId1` int(11) NOT NULL,
  PRIMARY KEY (`course_courseId`,`course_courseId1`,`course_teachingunit_teachingUnitId`,`course_teachingunit_teachingUnitId1`),
  KEY `fk_course_has_course_course2_idx` (`course_courseId1`,`course_teachingunit_teachingUnitId1`),
  KEY `fk_course_has_course_course1_idx` (`course_courseId`,`course_teachingunit_teachingUnitId`),
  CONSTRAINT `fk_course_has_course_course1` FOREIGN KEY (`course_courseId`) REFERENCES `course` (`courseId`) ON DELETE NO ACTION ON UPDATE NO ACTION,
  CONSTRAINT `fk_course_has_course_course2` FOREIGN KEY (`course_courseId1`) REFERENCES `course` (`courseId`) ON DELETE NO ACTION ON UPDATE NO ACTION
) ENGINE=InnoDB DEFAULT CHARSET=utf8;
/*!40101 SET character_set_client = @saved_cs_client */;

--
-- Dumping data for table `prev_requested_course`
--

LOCK TABLES `prev_requested_course` WRITE;
/*!40000 ALTER TABLE `prev_requested_course` DISABLE KEYS */;
INSERT INTO `prev_requested_course` VALUES (2,2,1,1),(3,0,2,2);
/*!40000 ALTER TABLE `prev_requested_course` ENABLE KEYS */;
UNLOCK TABLES;

--
-- Table structure for table `request`
--

DROP TABLE IF EXISTS `request`;
/*!40101 SET @saved_cs_client     = @@character_set_client */;
/*!40101 SET character_set_client = utf8 */;
CREATE TABLE `request` (
  `requestId` int(11) NOT NULL AUTO_INCREMENT,
  `requestType` int(11) DEFAULT NULL,
  `userId` int(11) DEFAULT NULL,
  `classId` int(11) DEFAULT NULL,
  `courseId` int(11) DEFAULT NULL,
  `isHandled` tinyint(4) DEFAULT '0',
  `isConfirmed` tinyint(4) DEFAULT '0',
  `semester_semesterId` int(11) NOT NULL,
  PRIMARY KEY (`requestId`),
  KEY `fk_request_semester1_idx` (`semester_semesterId`),
  CONSTRAINT `fk_request_semester1` FOREIGN KEY (`semester_semesterId`) REFERENCES `semester` (`semesterId`) ON DELETE NO ACTION ON UPDATE NO ACTION
) ENGINE=InnoDB AUTO_INCREMENT=2 DEFAULT CHARSET=utf8;
/*!40101 SET character_set_client = @saved_cs_client */;

--
-- Dumping data for table `request`
--

LOCK TABLES `request` WRITE;
/*!40000 ALTER TABLE `request` DISABLE KEYS */;
INSERT INTO `request` VALUES (1,1,129,1,1,1,1,7);
/*!40000 ALTER TABLE `request` ENABLE KEYS */;
UNLOCK TABLES;

--
-- Table structure for table `semester`
--

DROP TABLE IF EXISTS `semester`;
/*!40101 SET @saved_cs_client     = @@character_set_client */;
/*!40101 SET character_set_client = utf8 */;
CREATE TABLE `semester` (
  `semesterId` int(11) NOT NULL AUTO_INCREMENT,
  `startDate` date DEFAULT NULL,
  `endDate` date DEFAULT NULL,
  `isCurrent` tinyint(4) DEFAULT '1',
  PRIMARY KEY (`semesterId`)
) ENGINE=InnoDB AUTO_INCREMENT=8 DEFAULT CHARSET=utf8;
/*!40101 SET character_set_client = @saved_cs_client */;

--
-- Dumping data for table `semester`
--

LOCK TABLES `semester` WRITE;
/*!40000 ALTER TABLE `semester` DISABLE KEYS */;
INSERT INTO `semester` VALUES (6,'2017-11-10','2017-12-10',0),(7,'2017-11-10','2017-12-10',1);
/*!40000 ALTER TABLE `semester` ENABLE KEYS */;
UNLOCK TABLES;

--
-- Table structure for table `student`
--

DROP TABLE IF EXISTS `student`;
/*!40101 SET @saved_cs_client     = @@character_set_client */;
/*!40101 SET character_set_client = utf8 */;
CREATE TABLE `student` (
  `idstudent` int(11) NOT NULL AUTO_INCREMENT,
  `user_id` int(11) NOT NULL,
  PRIMARY KEY (`idstudent`,`user_id`),
  UNIQUE KEY `idstudent_UNIQUE` (`idstudent`),
  KEY `fk_student_user1_idx` (`user_id`),
  CONSTRAINT `fk_student_user1` FOREIGN KEY (`user_id`) REFERENCES `user` (`id`) ON DELETE NO ACTION ON UPDATE NO ACTION
) ENGINE=InnoDB AUTO_INCREMENT=1003 DEFAULT CHARSET=utf8;
/*!40101 SET character_set_client = @saved_cs_client */;

--
-- Dumping data for table `student`
--

LOCK TABLES `student` WRITE;
/*!40000 ALTER TABLE `student` DISABLE KEYS */;
INSERT INTO `student` VALUES (1,124),(2,129),(3,1000),(4,1001),(5,1002),(6,1003),(7,1004),(8,1005),(9,1006),(10,1007),(11,1008),(12,1009),(13,1010),(14,1011),(15,1012),(16,1013),(17,1014),(18,1015),(19,1016),(20,1017),(21,1018),(22,1019),(23,1020),(24,1021),(25,1022),(26,1023),(27,1024),(28,1025),(29,1026),(30,1027),(31,1028),(32,1029),(33,1030),(34,1031),(35,1032),(36,1033),(37,1034),(38,1035),(39,1036),(40,1037),(41,1038),(42,1039),(43,1040),(44,1041),(45,1042),(46,1043),(47,1044),(48,1045),(49,1046),(50,1047),(51,1048),(52,1049),(53,1050),(54,1051),(55,1052),(56,1053),(57,1054),(58,1055),(59,1056),(60,1057),(61,1058),(62,1059),(63,1060),(64,1061),(65,1062),(66,1063),(67,1064),(68,1065),(69,1066),(70,1067),(71,1068),(72,1069),(73,1070),(74,1071),(75,1072),(76,1073),(77,1074),(78,1075),(79,1076),(80,1077),(81,1078),(82,1079),(83,1080),(84,1081),(85,1082),(86,1083),(87,1084),(88,1085),(89,1086),(90,1087),(91,1088),(92,1089),(93,1090),(94,1091),(95,1092),(96,1093),(97,1094),(98,1095),(99,1096),(100,1097),(101,1098),(102,1099),(103,1100),(104,1101),(105,1102),(106,1103),(107,1104),(108,1105),(109,1106),(110,1107),(111,1108),(112,1109),(113,1110),(114,1111),(115,1112),(116,1113),(117,1114),(118,1115),(119,1116),(120,1117),(121,1118),(122,1119),(123,1120),(124,1121),(125,1122),(126,1123),(127,1124),(128,1125),(129,1126),(130,1127),(131,1128),(132,1129),(133,1130),(134,1131),(135,1132),(136,1133),(137,1134),(138,1135),(139,1136),(140,1137),(141,1138),(142,1139),(143,1140),(144,1141),(145,1142),(146,1143),(147,1144),(148,1145),(149,1146),(150,1147),(151,1148),(152,1149),(153,1150),(154,1151),(155,1152),(156,1153),(157,1154),(158,1155),(159,1156),(160,1157),(161,1158),(162,1159),(163,1160),(164,1161),(165,1162),(166,1163),(167,1164),(168,1165),(169,1166),(170,1167),(171,1168),(172,1169),(173,1170),(174,1171),(175,1172),(176,1173),(177,1174),(178,1175),(179,1176),(180,1177),(181,1178),(182,1179),(183,1180),(184,1181),(185,1182),(186,1183),(187,1184),(188,1185),(189,1186),(190,1187),(191,1188),(192,1189),(193,1190),(194,1191),(195,1192),(196,1193),(197,1194),(198,1195),(199,1196),(200,1197),(201,1198),(202,1199),(203,1200),(204,1201),(205,1202),(206,1203),(207,1204),(208,1205),(209,1206),(210,1207),(211,1208),(212,1209),(213,1210),(214,1211),(215,1212),(216,1213),(217,1214),(218,1215),(219,1216),(220,1217),(221,1218),(222,1219),(223,1220),(224,1221),(225,1222),(226,1223),(227,1224),(228,1225),(229,1226),(230,1227),(231,1228),(232,1229),(233,1230),(234,1231),(235,1232),(236,1233),(237,1234),(238,1235),(239,1236),(240,1237),(241,1238),(242,1239),(243,1240),(244,1241),(245,1242),(246,1243),(247,1244),(248,1245),(249,1246),(250,1247),(251,1248),(252,1249),(253,1250),(254,1251),(255,1252),(256,1253),(257,1254),(258,1255),(259,1256),(260,1257),(261,1258),(262,1259),(263,1260),(264,1261),(265,1262),(266,1263),(267,1264),(268,1265),(269,1266),(270,1267),(271,1268),(272,1269),(273,1270),(274,1271),(275,1272),(276,1273),(277,1274),(278,1275),(279,1276),(280,1277),(281,1278),(282,1279),(283,1280),(284,1281),(285,1282),(286,1283),(287,1284),(288,1285),(289,1286),(290,1287),(291,1288),(292,1289),(293,1290),(294,1291),(295,1292),(296,1293),(297,1294),(298,1295),(299,1296),(300,1297),(301,1298),(302,1299),(303,1300),(304,1301),(305,1302),(306,1303),(307,1304),(308,1305),(309,1306),(310,1307),(311,1308),(312,1309),(313,1310),(314,1311),(315,1312),(316,1313),(317,1314),(318,1315),(319,1316),(320,1317),(321,1318),(322,1319),(323,1320),(324,1321),(325,1322),(326,1323),(327,1324),(328,1325),(329,1326),(330,1327),(331,1328),(332,1329),(333,1330),(334,1331),(335,1332),(336,1333),(337,1334),(338,1335),(339,1336),(340,1337),(341,1338),(342,1339),(343,1340),(344,1341),(345,1342),(346,1343),(347,1344),(348,1345),(349,1346),(350,1347),(351,1348),(352,1349),(353,1350),(354,1351),(355,1352),(356,1353),(357,1354),(358,1355),(359,1356),(360,1357),(361,1358),(362,1359),(363,1360),(364,1361),(365,1362),(366,1363),(367,1364),(368,1365),(369,1366),(370,1367),(371,1368),(372,1369),(373,1370),(374,1371),(375,1372),(376,1373),(377,1374),(378,1375),(379,1376),(380,1377),(381,1378),(382,1379),(383,1380),(384,1381),(385,1382),(386,1383),(387,1384),(388,1385),(389,1386),(390,1387),(391,1388),(392,1389),(393,1390),(394,1391),(395,1392),(396,1393),(397,1394),(398,1395),(399,1396),(400,1397),(401,1398),(402,1399),(403,1400),(404,1401),(405,1402),(406,1403),(407,1404),(408,1405),(409,1406),(410,1407),(411,1408),(412,1409),(413,1410),(414,1411),(415,1412),(416,1413),(417,1414),(418,1415),(419,1416),(420,1417),(421,1418),(422,1419),(423,1420),(424,1421),(425,1422),(426,1423),(427,1424),(428,1425),(429,1426),(430,1427),(431,1428),(432,1429),(433,1430),(434,1431),(435,1432),(436,1433),(437,1434),(438,1435),(439,1436),(440,1437),(441,1438),(442,1439),(443,1440),(444,1441),(445,1442),(446,1443),(447,1444),(448,1445),(449,1446),(450,1447),(451,1448),(452,1449),(453,1450),(454,1451),(455,1452),(456,1453),(457,1454),(458,1455),(459,1456),(460,1457),(461,1458),(462,1459),(463,1460),(464,1461),(465,1462),(466,1463),(467,1464),(468,1465),(469,1466),(470,1467),(471,1468),(472,1469),(473,1470),(474,1471),(475,1472),(476,1473),(477,1474),(478,1475),(479,1476),(480,1477),(481,1478),(482,1479),(483,1480),(484,1481),(485,1482),(486,1483),(487,1484),(488,1485),(489,1486),(490,1487),(491,1488),(492,1489),(493,1490),(494,1491),(495,1492),(496,1493),(497,1494),(498,1495),(499,1496),(500,1497),(501,1498),(502,1499),(503,1500),(504,1501),(505,1502),(506,1503),(507,1504),(508,1505),(509,1506),(510,1507),(511,1508),(512,1509),(513,1510),(514,1511),(515,1512),(516,1513),(517,1514),(518,1515),(519,1516),(520,1517),(521,1518),(522,1519),(523,1520),(524,1521),(525,1522),(526,1523),(527,1524),(528,1525),(529,1526),(530,1527),(531,1528),(532,1529),(533,1530),(534,1531),(535,1532),(536,1533),(537,1534),(538,1535),(539,1536),(540,1537),(541,1538),(542,1539),(543,1540),(544,1541),(545,1542),(546,1543),(547,1544),(548,1545),(549,1546),(550,1547),(551,1548),(552,1549),(553,1550),(554,1551),(555,1552),(556,1553),(557,1554),(558,1555),(559,1556),(560,1557),(561,1558),(562,1559),(563,1560),(564,1561),(565,1562),(566,1563),(567,1564),(568,1565),(569,1566),(570,1567),(571,1568),(572,1569),(573,1570),(574,1571),(575,1572),(576,1573),(577,1574),(578,1575),(579,1576),(580,1577),(581,1578),(582,1579),(583,1580),(584,1581),(585,1582),(586,1583),(587,1584),(588,1585),(589,1586),(590,1587),(591,1588),(592,1589),(593,1590),(594,1591),(595,1592),(596,1593),(597,1594),(598,1595),(599,1596),(600,1597),(601,1598),(602,1599),(603,1600),(604,1601),(605,1602),(606,1603),(607,1604),(608,1605),(609,1606),(610,1607),(611,1608),(612,1609),(613,1610),(614,1611),(615,1612),(616,1613),(617,1614),(618,1615),(619,1616),(620,1617),(621,1618),(622,1619),(623,1620),(624,1621),(625,1622),(626,1623),(627,1624),(628,1625),(629,1626),(630,1627),(631,1628),(632,1629),(633,1630),(634,1631),(635,1632),(636,1633),(637,1634),(638,1635),(639,1636),(640,1637),(641,1638),(642,1639),(643,1640),(644,1641),(645,1642),(646,1643),(647,1644),(648,1645),(649,1646),(650,1647),(651,1648),(652,1649),(653,1650),(654,1651),(655,1652),(656,1653),(657,1654),(658,1655),(659,1656),(660,1657),(661,1658),(662,1659),(663,1660),(664,1661),(665,1662),(666,1663),(667,1664),(668,1665),(669,1666),(670,1667),(671,1668),(672,1669),(673,1670),(674,1671),(675,1672),(676,1673),(677,1674),(678,1675),(679,1676),(680,1677),(681,1678),(682,1679),(683,1680),(684,1681),(685,1682),(686,1683),(687,1684),(688,1685),(689,1686),(690,1687),(691,1688),(692,1689),(693,1690),(694,1691),(695,1692),(696,1693),(697,1694),(698,1695),(699,1696),(700,1697),(701,1698),(702,1699),(703,1700),(704,1701),(705,1702),(706,1703),(707,1704),(708,1705),(709,1706),(710,1707),(711,1708),(712,1709),(713,1710),(714,1711),(715,1712),(716,1713),(717,1714),(718,1715),(719,1716),(720,1717),(721,1718),(722,1719),(723,1720),(724,1721),(725,1722),(726,1723),(727,1724),(728,1725),(729,1726),(730,1727),(731,1728),(732,1729),(733,1730),(734,1731),(735,1732),(736,1733),(737,1734),(738,1735),(739,1736),(740,1737),(741,1738),(742,1739),(743,1740),(744,1741),(745,1742),(746,1743),(747,1744),(748,1745),(749,1746),(750,1747),(751,1748),(752,1749),(753,1750),(754,1751),(755,1752),(756,1753),(757,1754),(758,1755),(759,1756),(760,1757),(761,1758),(762,1759),(763,1760),(764,1761),(765,1762),(766,1763),(767,1764),(768,1765),(769,1766),(770,1767),(771,1768),(772,1769),(773,1770),(774,1771),(775,1772),(776,1773),(777,1774),(778,1775),(779,1776),(780,1777),(781,1778),(782,1779),(783,1780),(784,1781),(785,1782),(786,1783),(787,1784),(788,1785),(789,1786),(790,1787),(791,1788),(792,1789),(793,1790),(794,1791),(795,1792),(796,1793),(797,1794),(798,1795),(799,1796),(800,1797),(801,1798),(802,1799),(803,1800),(804,1801),(805,1802),(806,1803),(807,1804),(808,1805),(809,1806),(810,1807),(811,1808),(812,1809),(813,1810),(814,1811),(815,1812),(816,1813),(817,1814),(818,1815),(819,1816),(820,1817),(821,1818),(822,1819),(823,1820),(824,1821),(825,1822),(826,1823),(827,1824),(828,1825),(829,1826),(830,1827),(831,1828),(832,1829),(833,1830),(834,1831),(835,1832),(836,1833),(837,1834),(838,1835),(839,1836),(840,1837),(841,1838),(842,1839),(843,1840),(844,1841),(845,1842),(846,1843),(847,1844),(848,1845),(849,1846),(850,1847),(851,1848),(852,1849),(853,1850),(854,1851),(855,1852),(856,1853),(857,1854),(858,1855),(859,1856),(860,1857),(861,1858),(862,1859),(863,1860),(864,1861),(865,1862),(866,1863),(867,1864),(868,1865),(869,1866),(870,1867),(871,1868),(872,1869),(873,1870),(874,1871),(875,1872),(876,1873),(877,1874),(878,1875),(879,1876),(880,1877),(881,1878),(882,1879),(883,1880),(884,1881),(885,1882),(886,1883),(887,1884),(888,1885),(889,1886),(890,1887),(891,1888),(892,1889),(893,1890),(894,1891),(895,1892),(896,1893),(897,1894),(898,1895),(899,1896),(900,1897),(901,1898),(902,1899),(903,1900),(904,1901),(905,1902),(906,1903),(907,1904),(908,1905),(909,1906),(910,1907),(911,1908),(912,1909),(913,1910),(914,1911),(915,1912),(916,1913),(917,1914),(918,1915),(919,1916),(920,1917),(921,1918),(922,1919),(923,1920),(924,1921),(925,1922),(926,1923),(927,1924),(928,1925),(929,1926),(930,1927),(931,1928),(932,1929),(933,1930),(934,1931),(935,1932),(936,1933),(937,1934),(938,1935),(939,1936),(940,1937),(941,1938),(942,1939),(943,1940),(944,1941),(945,1942),(946,1943),(947,1944),(948,1945),(949,1946),(950,1947),(951,1948),(952,1949),(953,1950),(954,1951),(955,1952),(956,1953),(957,1954),(958,1955),(959,1956),(960,1957),(961,1958),(962,1959),(963,1960),(964,1961),(965,1962),(966,1963),(967,1964),(968,1965),(969,1966),(970,1967),(971,1968),(972,1969),(973,1970),(974,1971),(975,1972),(976,1973),(977,1974),(978,1975),(979,1976),(980,1977),(981,1978),(982,1979),(983,1980),(984,1981),(985,1982),(986,1983),(987,1984),(988,1985),(989,1986),(990,1987),(991,1988),(992,1989),(993,1990),(994,1991),(995,1992),(996,1993),(997,1994),(998,1995),(999,1996),(1000,1997),(1001,1998),(1002,1999);
/*!40000 ALTER TABLE `student` ENABLE KEYS */;
UNLOCK TABLES;

--
-- Table structure for table `student_has_assignment`
--

DROP TABLE IF EXISTS `student_has_assignment`;
/*!40101 SET @saved_cs_client     = @@character_set_client */;
/*!40101 SET character_set_client = utf8 */;
CREATE TABLE `student_has_assignment` (
  `studentHasCourseId` int(11) NOT NULL,
  `studentId` int(11) NOT NULL,
  `studentUserID` int(11) NOT NULL,
  `courseId` int(11) NOT NULL,
  `assignmentId` int(11) NOT NULL,
  `isHandled` tinyint(4) DEFAULT '0',
  PRIMARY KEY (`studentHasCourseId`,`studentId`,`studentUserID`,`courseId`,`assignmentId`),
  KEY `fk_student_has_course_has_assignment_assignment1_idx` (`assignmentId`),
  KEY `fk_student_has_course_has_assignment_student_has_course1_idx` (`studentHasCourseId`,`studentId`,`studentUserID`,`courseId`),
  CONSTRAINT `fk_student_has_course_has_assignment_assignment1` FOREIGN KEY (`assignmentId`) REFERENCES `assignment` (`assignmentId`) ON DELETE NO ACTION ON UPDATE NO ACTION,
  CONSTRAINT `fk_student_has_course_has_assignment_student_has_course1` FOREIGN KEY (`studentHasCourseId`, `studentId`, `studentUserID`, `courseId`) REFERENCES `student_has_course` (`student_has_courseId`, `student_idstudent`, `student_user_id`, `course_courseId`) ON DELETE NO ACTION ON UPDATE NO ACTION
) ENGINE=InnoDB DEFAULT CHARSET=utf8;
/*!40101 SET character_set_client = @saved_cs_client */;

--
-- Dumping data for table `student_has_assignment`
--

LOCK TABLES `student_has_assignment` WRITE;
/*!40000 ALTER TABLE `student_has_assignment` DISABLE KEYS */;
/*!40000 ALTER TABLE `student_has_assignment` ENABLE KEYS */;
UNLOCK TABLES;

--
-- Table structure for table `student_has_course`
--

DROP TABLE IF EXISTS `student_has_course`;
/*!40101 SET @saved_cs_client     = @@character_set_client */;
/*!40101 SET character_set_client = utf8 */;
CREATE TABLE `student_has_course` (
  `student_has_courseId` int(11) NOT NULL AUTO_INCREMENT,
  `student_idstudent` int(11) NOT NULL,
  `student_user_id` int(11) NOT NULL,
  `course_courseId` int(11) NOT NULL,
  `finished_course_detailes_finished_course_id` int(11) NOT NULL,
  `semester_semesterId` int(11) NOT NULL,
  `class_classId` int(11) NOT NULL,
  PRIMARY KEY (`student_has_courseId`,`student_idstudent`,`student_user_id`,`course_courseId`),
  KEY `fk_student_has_course_course1_idx` (`course_courseId`),
  KEY `fk_student_has_course_student1_idx` (`student_idstudent`,`student_user_id`),
  KEY `fk_student_has_course_finished_course_detailes1_idx` (`finished_course_detailes_finished_course_id`),
  KEY `fk_student_has_course_semester1_idx` (`semester_semesterId`),
  KEY `fk_student_has_course_class1_idx` (`class_classId`),
  CONSTRAINT `fk_student_has_course_class1` FOREIGN KEY (`class_classId`) REFERENCES `class` (`classId`) ON DELETE NO ACTION ON UPDATE NO ACTION,
  CONSTRAINT `fk_student_has_course_course1` FOREIGN KEY (`course_courseId`) REFERENCES `course` (`courseId`) ON DELETE NO ACTION ON UPDATE NO ACTION,
  CONSTRAINT `fk_student_has_course_finished_course_detailes1` FOREIGN KEY (`finished_course_detailes_finished_course_id`) REFERENCES `finished_course_detailes` (`finished_course_id`) ON DELETE NO ACTION ON UPDATE NO ACTION,
  CONSTRAINT `fk_student_has_course_semester1` FOREIGN KEY (`semester_semesterId`) REFERENCES `semester` (`semesterId`) ON DELETE NO ACTION ON UPDATE NO ACTION,
  CONSTRAINT `fk_student_has_course_student1` FOREIGN KEY (`student_idstudent`, `student_user_id`) REFERENCES `student` (`idstudent`, `user_id`) ON DELETE NO ACTION ON UPDATE NO ACTION
) ENGINE=InnoDB AUTO_INCREMENT=3028 DEFAULT CHARSET=utf8;
/*!40101 SET character_set_client = @saved_cs_client */;

--
-- Dumping data for table `student_has_course`
--

LOCK TABLES `student_has_course` WRITE;
/*!40000 ALTER TABLE `student_has_course` DISABLE KEYS */;
INSERT INTO `student_has_course` VALUES (26,1,124,1,32,7,1),(27,1,124,2,33,7,1),(28,3,1000,6,34,7,1),(29,3,1000,7,35,7,2),(30,3,1000,8,36,7,3),(31,4,1001,6,37,7,1),(32,4,1001,7,38,7,2),(33,4,1001,8,39,7,3),(34,5,1002,6,40,7,1),(35,5,1002,7,41,7,2),(36,5,1002,8,42,7,3),(37,6,1003,6,43,7,1),(38,6,1003,7,44,7,2),(39,6,1003,8,45,7,3),(40,7,1004,6,46,7,1),(41,7,1004,7,47,7,2),(42,7,1004,8,48,7,3),(43,8,1005,6,49,7,1),(44,8,1005,7,50,7,2),(45,8,1005,8,51,7,3),(46,9,1006,6,52,7,1),(47,9,1006,7,53,7,2),(48,9,1006,8,54,7,3),(49,10,1007,6,55,7,1),(50,10,1007,7,56,7,2),(51,10,1007,8,57,7,3),(52,11,1008,6,58,7,1),(53,11,1008,7,59,7,2),(54,11,1008,8,60,7,3),(55,12,1009,6,61,7,1),(56,12,1009,7,62,7,2),(57,12,1009,8,63,7,3),(58,13,1010,6,64,7,1),(59,13,1010,7,65,7,2),(60,13,1010,8,66,7,3),(61,14,1011,6,67,7,1),(62,14,1011,7,68,7,2),(63,14,1011,8,69,7,3),(64,15,1012,6,70,7,1),(65,15,1012,7,71,7,2),(66,15,1012,8,72,7,3),(67,16,1013,6,73,7,1),(68,16,1013,7,74,7,2),(69,16,1013,8,75,7,3),(70,17,1014,6,76,7,1),(71,17,1014,7,77,7,2),(72,17,1014,8,78,7,3),(73,18,1015,6,79,7,1),(74,18,1015,7,80,7,2),(75,18,1015,8,81,7,3),(76,19,1016,6,82,7,1),(77,19,1016,7,83,7,2),(78,19,1016,8,84,7,3),(79,20,1017,6,85,7,1),(80,20,1017,7,86,7,2),(81,20,1017,8,87,7,3),(82,21,1018,6,88,7,1),(83,21,1018,7,89,7,2),(84,21,1018,8,90,7,3),(85,22,1019,6,91,7,1),(86,22,1019,7,92,7,2),(87,22,1019,8,93,7,3),(88,23,1020,6,94,7,1),(89,23,1020,7,95,7,2),(90,23,1020,8,96,7,3),(91,24,1021,6,97,7,1),(92,24,1021,7,98,7,2),(93,24,1021,8,99,7,3),(94,25,1022,6,100,7,1),(95,25,1022,7,101,7,2),(96,25,1022,8,102,7,3),(97,26,1023,6,103,7,1),(98,26,1023,7,104,7,2),(99,26,1023,8,105,7,3),(100,27,1024,6,106,7,1),(101,27,1024,7,107,7,2),(102,27,1024,8,108,7,3),(103,28,1025,6,109,7,1),(104,28,1025,7,110,7,2),(105,28,1025,8,111,7,3),(106,29,1026,6,112,7,1),(107,29,1026,7,113,7,2),(108,29,1026,8,114,7,3),(109,30,1027,6,115,7,1),(110,30,1027,7,116,7,2),(111,30,1027,8,117,7,3),(112,31,1028,6,118,7,1),(113,31,1028,7,119,7,2),(114,31,1028,8,120,7,3),(115,32,1029,6,121,7,1),(116,32,1029,7,122,7,2),(117,32,1029,8,123,7,3),(118,33,1030,6,124,7,1),(119,33,1030,7,125,7,2),(120,33,1030,8,126,7,3),(121,34,1031,6,127,7,1),(122,34,1031,7,128,7,2),(123,34,1031,8,129,7,3),(124,35,1032,6,130,7,1),(125,35,1032,7,131,7,2),(126,35,1032,8,132,7,3),(127,36,1033,6,133,7,1),(128,36,1033,7,134,7,2),(129,36,1033,8,135,7,3),(130,37,1034,6,136,7,1),(131,37,1034,7,137,7,2),(132,37,1034,8,138,7,3),(133,38,1035,6,139,7,1),(134,38,1035,7,140,7,2),(135,38,1035,8,141,7,3),(136,39,1036,6,142,7,1),(137,39,1036,7,143,7,2),(138,39,1036,8,144,7,3),(139,40,1037,6,145,7,1),(140,40,1037,7,146,7,2),(141,40,1037,8,147,7,3),(142,41,1038,6,148,7,1),(143,41,1038,7,149,7,2),(144,41,1038,8,150,7,3),(145,42,1039,6,151,7,1),(146,42,1039,7,152,7,2),(147,42,1039,8,153,7,3),(148,43,1040,6,154,7,1),(149,43,1040,7,155,7,2),(150,43,1040,8,156,7,3),(151,44,1041,6,157,7,1),(152,44,1041,7,158,7,2),(153,44,1041,8,159,7,3),(154,45,1042,6,160,7,1),(155,45,1042,7,161,7,2),(156,45,1042,8,162,7,3),(157,46,1043,6,163,7,1),(158,46,1043,7,164,7,2),(159,46,1043,8,165,7,3),(160,47,1044,6,166,7,1),(161,47,1044,7,167,7,2),(162,47,1044,8,168,7,3),(163,48,1045,6,169,7,1),(164,48,1045,7,170,7,2),(165,48,1045,8,171,7,3),(166,49,1046,6,172,7,1),(167,49,1046,7,173,7,2),(168,49,1046,8,174,7,3),(169,50,1047,6,175,7,1),(170,50,1047,7,176,7,2),(171,50,1047,8,177,7,3),(172,51,1048,6,178,7,1),(173,51,1048,7,179,7,2),(174,51,1048,8,180,7,3),(175,52,1049,6,181,7,1),(176,52,1049,7,182,7,2),(177,52,1049,8,183,7,3),(178,53,1050,6,184,7,1),(179,53,1050,7,185,7,2),(180,53,1050,8,186,7,3),(181,54,1051,6,187,7,1),(182,54,1051,7,188,7,2),(183,54,1051,8,189,7,3),(184,55,1052,6,190,7,1),(185,55,1052,7,191,7,2),(186,55,1052,8,192,7,3),(187,56,1053,6,193,7,1),(188,56,1053,7,194,7,2),(189,56,1053,8,195,7,3),(190,57,1054,6,196,7,1),(191,57,1054,7,197,7,2),(192,57,1054,8,198,7,3),(193,58,1055,6,199,7,1),(194,58,1055,7,200,7,2),(195,58,1055,8,201,7,3),(196,59,1056,6,202,7,1),(197,59,1056,7,203,7,2),(198,59,1056,8,204,7,3),(199,60,1057,6,205,7,1),(200,60,1057,7,206,7,2),(201,60,1057,8,207,7,3),(202,61,1058,6,208,7,1),(203,61,1058,7,209,7,2),(204,61,1058,8,210,7,3),(205,62,1059,6,211,7,1),(206,62,1059,7,212,7,2),(207,62,1059,8,213,7,3),(208,63,1060,6,214,7,1),(209,63,1060,7,215,7,2),(210,63,1060,8,216,7,3),(211,64,1061,6,217,7,1),(212,64,1061,7,218,7,2),(213,64,1061,8,219,7,3),(214,65,1062,6,220,7,1),(215,65,1062,7,221,7,2),(216,65,1062,8,222,7,3),(217,66,1063,6,223,7,1),(218,66,1063,7,224,7,2),(219,66,1063,8,225,7,3),(220,67,1064,6,226,7,1),(221,67,1064,7,227,7,2),(222,67,1064,8,228,7,3),(223,68,1065,6,229,7,1),(224,68,1065,7,230,7,2),(225,68,1065,8,231,7,3),(226,69,1066,6,232,7,1),(227,69,1066,7,233,7,2),(228,69,1066,8,234,7,3),(229,70,1067,6,235,7,1),(230,70,1067,7,236,7,2),(231,70,1067,8,237,7,3),(232,71,1068,6,238,7,1),(233,71,1068,7,239,7,2),(234,71,1068,8,240,7,3),(235,72,1069,6,241,7,1),(236,72,1069,7,242,7,2),(237,72,1069,8,243,7,3),(238,73,1070,6,244,7,1),(239,73,1070,7,245,7,2),(240,73,1070,8,246,7,3),(241,74,1071,6,247,7,1),(242,74,1071,7,248,7,2),(243,74,1071,8,249,7,3),(244,75,1072,6,250,7,1),(245,75,1072,7,251,7,2),(246,75,1072,8,252,7,3),(247,76,1073,6,253,7,1),(248,76,1073,7,254,7,2),(249,76,1073,8,255,7,3),(250,77,1074,6,256,7,1),(251,77,1074,7,257,7,2),(252,77,1074,8,258,7,3),(253,78,1075,6,259,7,1),(254,78,1075,7,260,7,2),(255,78,1075,8,261,7,3),(256,79,1076,6,262,7,1),(257,79,1076,7,263,7,2),(258,79,1076,8,264,7,3),(259,80,1077,6,265,7,1),(260,80,1077,7,266,7,2),(261,80,1077,8,267,7,3),(262,81,1078,6,268,7,1),(263,81,1078,7,269,7,2),(264,81,1078,8,270,7,3),(265,82,1079,6,271,7,1),(266,82,1079,7,272,7,2),(267,82,1079,8,273,7,3),(268,83,1080,6,274,7,1),(269,83,1080,7,275,7,2),(270,83,1080,8,276,7,3),(271,84,1081,6,277,7,1),(272,84,1081,7,278,7,2),(273,84,1081,8,279,7,3),(274,85,1082,6,280,7,1),(275,85,1082,7,281,7,2),(276,85,1082,8,282,7,3),(277,86,1083,6,283,7,1),(278,86,1083,7,284,7,2),(279,86,1083,8,285,7,3),(280,87,1084,6,286,7,1),(281,87,1084,7,287,7,2),(282,87,1084,8,288,7,3),(283,88,1085,6,289,7,1),(284,88,1085,7,290,7,2),(285,88,1085,8,291,7,3),(286,89,1086,6,292,7,1),(287,89,1086,7,293,7,2),(288,89,1086,8,294,7,3),(289,90,1087,6,295,7,1),(290,90,1087,7,296,7,2),(291,90,1087,8,297,7,3),(292,91,1088,6,298,7,1),(293,91,1088,7,299,7,2),(294,91,1088,8,300,7,3),(295,92,1089,6,301,7,1),(296,92,1089,7,302,7,2),(297,92,1089,8,303,7,3),(298,93,1090,6,304,7,1),(299,93,1090,7,305,7,2),(300,93,1090,8,306,7,3),(301,94,1091,6,307,7,1),(302,94,1091,7,308,7,2),(303,94,1091,8,309,7,3),(304,95,1092,6,310,7,1),(305,95,1092,7,311,7,2),(306,95,1092,8,312,7,3),(307,96,1093,6,313,7,1),(308,96,1093,7,314,7,2),(309,96,1093,8,315,7,3),(310,97,1094,6,316,7,1),(311,97,1094,7,317,7,2),(312,97,1094,8,318,7,3),(313,98,1095,6,319,7,1),(314,98,1095,7,320,7,2),(315,98,1095,8,321,7,3),(316,99,1096,6,322,7,1),(317,99,1096,7,323,7,2),(318,99,1096,8,324,7,3),(319,100,1097,6,325,7,1),(320,100,1097,7,326,7,2),(321,100,1097,8,327,7,3),(322,101,1098,6,328,7,1),(323,101,1098,7,329,7,2),(324,101,1098,8,330,7,3),(325,102,1099,6,331,7,1),(326,102,1099,7,332,7,2),(327,102,1099,8,333,7,3),(328,103,1100,6,334,7,1),(329,103,1100,7,335,7,2),(330,103,1100,8,336,7,3),(331,104,1101,6,337,7,1),(332,104,1101,7,338,7,2),(333,104,1101,8,339,7,3),(334,105,1102,6,340,7,1),(335,105,1102,7,341,7,2),(336,105,1102,8,342,7,3),(337,106,1103,6,343,7,1),(338,106,1103,7,344,7,2),(339,106,1103,8,345,7,3),(340,107,1104,6,346,7,1),(341,107,1104,7,347,7,2),(342,107,1104,8,348,7,3),(343,108,1105,6,349,7,1),(344,108,1105,7,350,7,2),(345,108,1105,8,351,7,3),(346,109,1106,6,352,7,1),(347,109,1106,7,353,7,2),(348,109,1106,8,354,7,3),(349,110,1107,6,355,7,1),(350,110,1107,7,356,7,2),(351,110,1107,8,357,7,3),(352,111,1108,6,358,7,1),(353,111,1108,7,359,7,2),(354,111,1108,8,360,7,3),(355,112,1109,6,361,7,1),(356,112,1109,7,362,7,2),(357,112,1109,8,363,7,3),(358,113,1110,6,364,7,1),(359,113,1110,7,365,7,2),(360,113,1110,8,366,7,3),(361,114,1111,6,367,7,1),(362,114,1111,7,368,7,2),(363,114,1111,8,369,7,3),(364,115,1112,6,370,7,1),(365,115,1112,7,371,7,2),(366,115,1112,8,372,7,3),(367,116,1113,6,373,7,1),(368,116,1113,7,374,7,2),(369,116,1113,8,375,7,3),(370,117,1114,6,376,7,1),(371,117,1114,7,377,7,2),(372,117,1114,8,378,7,3),(373,118,1115,6,379,7,1),(374,118,1115,7,380,7,2),(375,118,1115,8,381,7,3),(376,119,1116,6,382,7,1),(377,119,1116,7,383,7,2),(378,119,1116,8,384,7,3),(379,120,1117,6,385,7,1),(380,120,1117,7,386,7,2),(381,120,1117,8,387,7,3),(382,121,1118,6,388,7,1),(383,121,1118,7,389,7,2),(384,121,1118,8,390,7,3),(385,122,1119,6,391,7,1),(386,122,1119,7,392,7,2),(387,122,1119,8,393,7,3),(388,123,1120,6,394,7,1),(389,123,1120,7,395,7,2),(390,123,1120,8,396,7,3),(391,124,1121,6,397,7,1),(392,124,1121,7,398,7,2),(393,124,1121,8,399,7,3),(394,125,1122,6,400,7,1),(395,125,1122,7,401,7,2),(396,125,1122,8,402,7,3),(397,126,1123,6,403,7,1),(398,126,1123,7,404,7,2),(399,126,1123,8,405,7,3),(400,127,1124,6,406,7,1),(401,127,1124,7,407,7,2),(402,127,1124,8,408,7,3),(403,128,1125,6,409,7,1),(404,128,1125,7,410,7,2),(405,128,1125,8,411,7,3),(406,129,1126,6,412,7,1),(407,129,1126,7,413,7,2),(408,129,1126,8,414,7,3),(409,130,1127,6,415,7,1),(410,130,1127,7,416,7,2),(411,130,1127,8,417,7,3),(412,131,1128,6,418,7,1),(413,131,1128,7,419,7,2),(414,131,1128,8,420,7,3),(415,132,1129,6,421,7,1),(416,132,1129,7,422,7,2),(417,132,1129,8,423,7,3),(418,133,1130,6,424,7,1),(419,133,1130,7,425,7,2),(420,133,1130,8,426,7,3),(421,134,1131,6,427,7,1),(422,134,1131,7,428,7,2),(423,134,1131,8,429,7,3),(424,135,1132,6,430,7,1),(425,135,1132,7,431,7,2),(426,135,1132,8,432,7,3),(427,136,1133,6,433,7,1),(428,136,1133,7,434,7,2),(429,136,1133,8,435,7,3),(430,137,1134,6,436,7,1),(431,137,1134,7,437,7,2),(432,137,1134,8,438,7,3),(433,138,1135,6,439,7,1),(434,138,1135,7,440,7,2),(435,138,1135,8,441,7,3),(436,139,1136,6,442,7,1),(437,139,1136,7,443,7,2),(438,139,1136,8,444,7,3),(439,140,1137,6,445,7,1),(440,140,1137,7,446,7,2),(441,140,1137,8,447,7,3),(442,141,1138,6,448,7,1),(443,141,1138,7,449,7,2),(444,141,1138,8,450,7,3),(445,142,1139,6,451,7,1),(446,142,1139,7,452,7,2),(447,142,1139,8,453,7,3),(448,143,1140,6,454,7,1),(449,143,1140,7,455,7,2),(450,143,1140,8,456,7,3),(451,144,1141,6,457,7,1),(452,144,1141,7,458,7,2),(453,144,1141,8,459,7,3),(454,145,1142,6,460,7,1),(455,145,1142,7,461,7,2),(456,145,1142,8,462,7,3),(457,146,1143,6,463,7,1),(458,146,1143,7,464,7,2),(459,146,1143,8,465,7,3),(460,147,1144,6,466,7,1),(461,147,1144,7,467,7,2),(462,147,1144,8,468,7,3),(463,148,1145,6,469,7,1),(464,148,1145,7,470,7,2),(465,148,1145,8,471,7,3),(466,149,1146,6,472,7,1),(467,149,1146,7,473,7,2),(468,149,1146,8,474,7,3),(469,150,1147,6,475,7,1),(470,150,1147,7,476,7,2),(471,150,1147,8,477,7,3),(472,151,1148,6,478,7,1),(473,151,1148,7,479,7,2),(474,151,1148,8,480,7,3),(475,152,1149,6,481,7,1),(476,152,1149,7,482,7,2),(477,152,1149,8,483,7,3),(478,153,1150,6,484,7,1),(479,153,1150,7,485,7,2),(480,153,1150,8,486,7,3),(481,154,1151,6,487,7,1),(482,154,1151,7,488,7,2),(483,154,1151,8,489,7,3),(484,155,1152,6,490,7,1),(485,155,1152,7,491,7,2),(486,155,1152,8,492,7,3),(487,156,1153,6,493,7,1),(488,156,1153,7,494,7,2),(489,156,1153,8,495,7,3),(490,157,1154,6,496,7,1),(491,157,1154,7,497,7,2),(492,157,1154,8,498,7,3),(493,158,1155,6,499,7,1),(494,158,1155,7,500,7,2),(495,158,1155,8,501,7,3),(496,159,1156,6,502,7,1),(497,159,1156,7,503,7,2),(498,159,1156,8,504,7,3),(499,160,1157,6,505,7,1),(500,160,1157,7,506,7,2),(501,160,1157,8,507,7,3),(502,161,1158,6,508,7,1),(503,161,1158,7,509,7,2),(504,161,1158,8,510,7,3),(505,162,1159,6,511,7,1),(506,162,1159,7,512,7,2),(507,162,1159,8,513,7,3),(508,163,1160,6,514,7,1),(509,163,1160,7,515,7,2),(510,163,1160,8,516,7,3),(511,164,1161,6,517,7,1),(512,164,1161,7,518,7,2),(513,164,1161,8,519,7,3),(514,165,1162,6,520,7,1),(515,165,1162,7,521,7,2),(516,165,1162,8,522,7,3),(517,166,1163,6,523,7,1),(518,166,1163,7,524,7,2),(519,166,1163,8,525,7,3),(520,167,1164,6,526,7,1),(521,167,1164,7,527,7,2),(522,167,1164,8,528,7,3),(523,168,1165,6,529,7,1),(524,168,1165,7,530,7,2),(525,168,1165,8,531,7,3),(526,169,1166,6,532,7,1),(527,169,1166,7,533,7,2),(528,169,1166,8,534,7,3),(529,170,1167,6,535,7,1),(530,170,1167,7,536,7,2),(531,170,1167,8,537,7,3),(532,171,1168,6,538,7,1),(533,171,1168,7,539,7,2),(534,171,1168,8,540,7,3),(535,172,1169,6,541,7,1),(536,172,1169,7,542,7,2),(537,172,1169,8,543,7,3),(538,173,1170,6,544,7,1),(539,173,1170,7,545,7,2),(540,173,1170,8,546,7,3),(541,174,1171,6,547,7,1),(542,174,1171,7,548,7,2),(543,174,1171,8,549,7,3),(544,175,1172,6,550,7,1),(545,175,1172,7,551,7,2),(546,175,1172,8,552,7,3),(547,176,1173,6,553,7,1),(548,176,1173,7,554,7,2),(549,176,1173,8,555,7,3),(550,177,1174,6,556,7,1),(551,177,1174,7,557,7,2),(552,177,1174,8,558,7,3),(553,178,1175,6,559,7,1),(554,178,1175,7,560,7,2),(555,178,1175,8,561,7,3),(556,179,1176,6,562,7,1),(557,179,1176,7,563,7,2),(558,179,1176,8,564,7,3),(559,180,1177,6,565,7,1),(560,180,1177,7,566,7,2),(561,180,1177,8,567,7,3),(562,181,1178,6,568,7,1),(563,181,1178,7,569,7,2),(564,181,1178,8,570,7,3),(565,182,1179,6,571,7,1),(566,182,1179,7,572,7,2),(567,182,1179,8,573,7,3),(568,183,1180,6,574,7,1),(569,183,1180,7,575,7,2),(570,183,1180,8,576,7,3),(571,184,1181,6,577,7,1),(572,184,1181,7,578,7,2),(573,184,1181,8,579,7,3),(574,185,1182,6,580,7,1),(575,185,1182,7,581,7,2),(576,185,1182,8,582,7,3),(577,186,1183,6,583,7,1),(578,186,1183,7,584,7,2),(579,186,1183,8,585,7,3),(580,187,1184,6,586,7,1),(581,187,1184,7,587,7,2),(582,187,1184,8,588,7,3),(583,188,1185,6,589,7,1),(584,188,1185,7,590,7,2),(585,188,1185,8,591,7,3),(586,189,1186,6,592,7,1),(587,189,1186,7,593,7,2),(588,189,1186,8,594,7,3),(589,190,1187,6,595,7,1),(590,190,1187,7,596,7,2),(591,190,1187,8,597,7,3),(592,191,1188,6,598,7,1),(593,191,1188,7,599,7,2),(594,191,1188,8,600,7,3),(595,192,1189,6,601,7,1),(596,192,1189,7,602,7,2),(597,192,1189,8,603,7,3),(598,193,1190,6,604,7,1),(599,193,1190,7,605,7,2),(600,193,1190,8,606,7,3),(601,194,1191,6,607,7,1),(602,194,1191,7,608,7,2),(603,194,1191,8,609,7,3),(604,195,1192,6,610,7,1),(605,195,1192,7,611,7,2),(606,195,1192,8,612,7,3),(607,196,1193,6,613,7,1),(608,196,1193,7,614,7,2),(609,196,1193,8,615,7,3),(610,197,1194,6,616,7,1),(611,197,1194,7,617,7,2),(612,197,1194,8,618,7,3),(613,198,1195,6,619,7,1),(614,198,1195,7,620,7,2),(615,198,1195,8,621,7,3),(616,199,1196,6,622,7,1),(617,199,1196,7,623,7,2),(618,199,1196,8,624,7,3),(619,200,1197,6,625,7,1),(620,200,1197,7,626,7,2),(621,200,1197,8,627,7,3),(622,201,1198,6,628,7,1),(623,201,1198,7,629,7,2),(624,201,1198,8,630,7,3),(625,202,1199,6,631,7,1),(626,202,1199,7,632,7,2),(627,202,1199,8,633,7,3),(628,203,1200,6,634,7,1),(629,203,1200,7,635,7,2),(630,203,1200,8,636,7,3),(631,204,1201,6,637,7,1),(632,204,1201,7,638,7,2),(633,204,1201,8,639,7,3),(634,205,1202,6,640,7,1),(635,205,1202,7,641,7,2),(636,205,1202,8,642,7,3),(637,206,1203,6,643,7,1),(638,206,1203,7,644,7,2),(639,206,1203,8,645,7,3),(640,207,1204,6,646,7,1),(641,207,1204,7,647,7,2),(642,207,1204,8,648,7,3),(643,208,1205,6,649,7,1),(644,208,1205,7,650,7,2),(645,208,1205,8,651,7,3),(646,209,1206,6,652,7,1),(647,209,1206,7,653,7,2),(648,209,1206,8,654,7,3),(649,210,1207,6,655,7,1),(650,210,1207,7,656,7,2),(651,210,1207,8,657,7,3),(652,211,1208,6,658,7,1),(653,211,1208,7,659,7,2),(654,211,1208,8,660,7,3),(655,212,1209,6,661,7,1),(656,212,1209,7,662,7,2),(657,212,1209,8,663,7,3),(658,213,1210,6,664,7,1),(659,213,1210,7,665,7,2),(660,213,1210,8,666,7,3),(661,214,1211,6,667,7,1),(662,214,1211,7,668,7,2),(663,214,1211,8,669,7,3),(664,215,1212,6,670,7,1),(665,215,1212,7,671,7,2),(666,215,1212,8,672,7,3),(667,216,1213,6,673,7,1),(668,216,1213,7,674,7,2),(669,216,1213,8,675,7,3),(670,217,1214,6,676,7,1),(671,217,1214,7,677,7,2),(672,217,1214,8,678,7,3),(673,218,1215,6,679,7,1),(674,218,1215,7,680,7,2),(675,218,1215,8,681,7,3),(676,219,1216,6,682,7,1),(677,219,1216,7,683,7,2),(678,219,1216,8,684,7,3),(679,220,1217,6,685,7,1),(680,220,1217,7,686,7,2),(681,220,1217,8,687,7,3),(682,221,1218,6,688,7,1),(683,221,1218,7,689,7,2),(684,221,1218,8,690,7,3),(685,222,1219,6,691,7,1),(686,222,1219,7,692,7,2),(687,222,1219,8,693,7,3),(688,223,1220,6,694,7,1),(689,223,1220,7,695,7,2),(690,223,1220,8,696,7,3),(691,224,1221,6,697,7,1),(692,224,1221,7,698,7,2),(693,224,1221,8,699,7,3),(694,225,1222,6,700,7,1),(695,225,1222,7,701,7,2),(696,225,1222,8,702,7,3),(697,226,1223,6,703,7,1),(698,226,1223,7,704,7,2),(699,226,1223,8,705,7,3),(700,227,1224,6,706,7,1),(701,227,1224,7,707,7,2),(702,227,1224,8,708,7,3),(703,228,1225,6,709,7,1),(704,228,1225,7,710,7,2),(705,228,1225,8,711,7,3),(706,229,1226,6,712,7,1),(707,229,1226,7,713,7,2),(708,229,1226,8,714,7,3),(709,230,1227,6,715,7,1),(710,230,1227,7,716,7,2),(711,230,1227,8,717,7,3),(712,231,1228,6,718,7,1),(713,231,1228,7,719,7,2),(714,231,1228,8,720,7,3),(715,232,1229,6,721,7,1),(716,232,1229,7,722,7,2),(717,232,1229,8,723,7,3),(718,233,1230,6,724,7,1),(719,233,1230,7,725,7,2),(720,233,1230,8,726,7,3),(721,234,1231,6,727,7,1),(722,234,1231,7,728,7,2),(723,234,1231,8,729,7,3),(724,235,1232,6,730,7,1),(725,235,1232,7,731,7,2),(726,235,1232,8,732,7,3),(727,236,1233,6,733,7,1),(728,236,1233,7,734,7,2),(729,236,1233,8,735,7,3),(730,237,1234,6,736,7,1),(731,237,1234,7,737,7,2),(732,237,1234,8,738,7,3),(733,238,1235,6,739,7,1),(734,238,1235,7,740,7,2),(735,238,1235,8,741,7,3),(736,239,1236,6,742,7,1),(737,239,1236,7,743,7,2),(738,239,1236,8,744,7,3),(739,240,1237,6,745,7,1),(740,240,1237,7,746,7,2),(741,240,1237,8,747,7,3),(742,241,1238,6,748,7,1),(743,241,1238,7,749,7,2),(744,241,1238,8,750,7,3),(745,242,1239,6,751,7,1),(746,242,1239,7,752,7,2),(747,242,1239,8,753,7,3),(748,243,1240,6,754,7,1),(749,243,1240,7,755,7,2),(750,243,1240,8,756,7,3),(751,244,1241,6,757,7,1),(752,244,1241,7,758,7,2),(753,244,1241,8,759,7,3),(754,245,1242,6,760,7,1),(755,245,1242,7,761,7,2),(756,245,1242,8,762,7,3),(757,246,1243,6,763,7,1),(758,246,1243,7,764,7,2),(759,246,1243,8,765,7,3),(760,247,1244,6,766,7,1),(761,247,1244,7,767,7,2),(762,247,1244,8,768,7,3),(763,248,1245,6,769,7,1),(764,248,1245,7,770,7,2),(765,248,1245,8,771,7,3),(766,249,1246,6,772,7,1),(767,249,1246,7,773,7,2),(768,249,1246,8,774,7,3),(769,250,1247,6,775,7,1),(770,250,1247,7,776,7,2),(771,250,1247,8,777,7,3),(772,251,1248,6,778,7,1),(773,251,1248,7,779,7,2),(774,251,1248,8,780,7,3),(775,252,1249,6,781,7,1),(776,252,1249,7,782,7,2),(777,252,1249,8,783,7,3),(778,253,1250,6,784,7,1),(779,253,1250,7,785,7,2),(780,253,1250,8,786,7,3),(781,254,1251,6,787,7,1),(782,254,1251,7,788,7,2),(783,254,1251,8,789,7,3),(784,255,1252,6,790,7,1),(785,255,1252,7,791,7,2),(786,255,1252,8,792,7,3),(787,256,1253,6,793,7,1),(788,256,1253,7,794,7,2),(789,256,1253,8,795,7,3),(790,257,1254,6,796,7,1),(791,257,1254,7,797,7,2),(792,257,1254,8,798,7,3),(793,258,1255,6,799,7,1),(794,258,1255,7,800,7,2),(795,258,1255,8,801,7,3),(796,259,1256,6,802,7,1),(797,259,1256,7,803,7,2),(798,259,1256,8,804,7,3),(799,260,1257,6,805,7,1),(800,260,1257,7,806,7,2),(801,260,1257,8,807,7,3),(802,261,1258,6,808,7,1),(803,261,1258,7,809,7,2),(804,261,1258,8,810,7,3),(805,262,1259,6,811,7,1),(806,262,1259,7,812,7,2),(807,262,1259,8,813,7,3),(808,263,1260,6,814,7,1),(809,263,1260,7,815,7,2),(810,263,1260,8,816,7,3),(811,264,1261,6,817,7,1),(812,264,1261,7,818,7,2),(813,264,1261,8,819,7,3),(814,265,1262,6,820,7,1),(815,265,1262,7,821,7,2),(816,265,1262,8,822,7,3),(817,266,1263,6,823,7,1),(818,266,1263,7,824,7,2),(819,266,1263,8,825,7,3),(820,267,1264,6,826,7,1),(821,267,1264,7,827,7,2),(822,267,1264,8,828,7,3),(823,268,1265,6,829,7,1),(824,268,1265,7,830,7,2),(825,268,1265,8,831,7,3),(826,269,1266,6,832,7,1),(827,269,1266,7,833,7,2),(828,269,1266,8,834,7,3),(829,270,1267,6,835,7,1),(830,270,1267,7,836,7,2),(831,270,1267,8,837,7,3),(832,271,1268,6,838,7,1),(833,271,1268,7,839,7,2),(834,271,1268,8,840,7,3),(835,272,1269,6,841,7,1),(836,272,1269,7,842,7,2),(837,272,1269,8,843,7,3),(838,273,1270,6,844,7,1),(839,273,1270,7,845,7,2),(840,273,1270,8,846,7,3),(841,274,1271,6,847,7,1),(842,274,1271,7,848,7,2),(843,274,1271,8,849,7,3),(844,275,1272,6,850,7,1),(845,275,1272,7,851,7,2),(846,275,1272,8,852,7,3),(847,276,1273,6,853,7,1),(848,276,1273,7,854,7,2),(849,276,1273,8,855,7,3),(850,277,1274,6,856,7,1),(851,277,1274,7,857,7,2),(852,277,1274,8,858,7,3),(853,278,1275,6,859,7,1),(854,278,1275,7,860,7,2),(855,278,1275,8,861,7,3),(856,279,1276,6,862,7,1),(857,279,1276,7,863,7,2),(858,279,1276,8,864,7,3),(859,280,1277,6,865,7,1),(860,280,1277,7,866,7,2),(861,280,1277,8,867,7,3),(862,281,1278,6,868,7,1),(863,281,1278,7,869,7,2),(864,281,1278,8,870,7,3),(865,282,1279,6,871,7,1),(866,282,1279,7,872,7,2),(867,282,1279,8,873,7,3),(868,283,1280,6,874,7,1),(869,283,1280,7,875,7,2),(870,283,1280,8,876,7,3),(871,284,1281,6,877,7,1),(872,284,1281,7,878,7,2),(873,284,1281,8,879,7,3),(874,285,1282,6,880,7,1),(875,285,1282,7,881,7,2),(876,285,1282,8,882,7,3),(877,286,1283,6,883,7,1),(878,286,1283,7,884,7,2),(879,286,1283,8,885,7,3),(880,287,1284,6,886,7,1),(881,287,1284,7,887,7,2),(882,287,1284,8,888,7,3),(883,288,1285,6,889,7,1),(884,288,1285,7,890,7,2),(885,288,1285,8,891,7,3),(886,289,1286,6,892,7,1),(887,289,1286,7,893,7,2),(888,289,1286,8,894,7,3),(889,290,1287,6,895,7,1),(890,290,1287,7,896,7,2),(891,290,1287,8,897,7,3),(892,291,1288,6,898,7,1),(893,291,1288,7,899,7,2),(894,291,1288,8,900,7,3),(895,292,1289,6,901,7,1),(896,292,1289,7,902,7,2),(897,292,1289,8,903,7,3),(898,293,1290,6,904,7,1),(899,293,1290,7,905,7,2),(900,293,1290,8,906,7,3),(901,294,1291,6,907,7,1),(902,294,1291,7,908,7,2),(903,294,1291,8,909,7,3),(904,295,1292,6,910,7,1),(905,295,1292,7,911,7,2),(906,295,1292,8,912,7,3),(907,296,1293,6,913,7,1),(908,296,1293,7,914,7,2),(909,296,1293,8,915,7,3),(910,297,1294,6,916,7,1),(911,297,1294,7,917,7,2),(912,297,1294,8,918,7,3),(913,298,1295,6,919,7,1),(914,298,1295,7,920,7,2),(915,298,1295,8,921,7,3),(916,299,1296,6,922,7,1),(917,299,1296,7,923,7,2),(918,299,1296,8,924,7,3),(919,300,1297,6,925,7,1),(920,300,1297,7,926,7,2),(921,300,1297,8,927,7,3),(922,301,1298,6,928,7,1),(923,301,1298,7,929,7,2),(924,301,1298,8,930,7,3),(925,302,1299,6,931,7,1),(926,302,1299,7,932,7,2),(927,302,1299,8,933,7,3),(928,303,1300,6,934,7,1),(929,303,1300,7,935,7,2),(930,303,1300,8,936,7,3),(931,304,1301,6,937,7,1),(932,304,1301,7,938,7,2),(933,304,1301,8,939,7,3),(934,305,1302,6,940,7,1),(935,305,1302,7,941,7,2),(936,305,1302,8,942,7,3),(937,306,1303,6,943,7,1),(938,306,1303,7,944,7,2),(939,306,1303,8,945,7,3),(940,307,1304,6,946,7,1),(941,307,1304,7,947,7,2),(942,307,1304,8,948,7,3),(943,308,1305,6,949,7,1),(944,308,1305,7,950,7,2),(945,308,1305,8,951,7,3),(946,309,1306,6,952,7,1),(947,309,1306,7,953,7,2),(948,309,1306,8,954,7,3),(949,310,1307,6,955,7,1),(950,310,1307,7,956,7,2),(951,310,1307,8,957,7,3),(952,311,1308,6,958,7,1),(953,311,1308,7,959,7,2),(954,311,1308,8,960,7,3),(955,312,1309,6,961,7,1),(956,312,1309,7,962,7,2),(957,312,1309,8,963,7,3),(958,313,1310,6,964,7,1),(959,313,1310,7,965,7,2),(960,313,1310,8,966,7,3),(961,314,1311,6,967,7,1),(962,314,1311,7,968,7,2),(963,314,1311,8,969,7,3),(964,315,1312,6,970,7,1),(965,315,1312,7,971,7,2),(966,315,1312,8,972,7,3),(967,316,1313,6,973,7,1),(968,316,1313,7,974,7,2),(969,316,1313,8,975,7,3),(970,317,1314,6,976,7,1),(971,317,1314,7,977,7,2),(972,317,1314,8,978,7,3),(973,318,1315,6,979,7,1),(974,318,1315,7,980,7,2),(975,318,1315,8,981,7,3),(976,319,1316,6,982,7,1),(977,319,1316,7,983,7,2),(978,319,1316,8,984,7,3),(979,320,1317,6,985,7,1),(980,320,1317,7,986,7,2),(981,320,1317,8,987,7,3),(982,321,1318,6,988,7,1),(983,321,1318,7,989,7,2),(984,321,1318,8,990,7,3),(985,322,1319,6,991,7,1),(986,322,1319,7,992,7,2),(987,322,1319,8,993,7,3),(988,323,1320,6,994,7,1),(989,323,1320,7,995,7,2),(990,323,1320,8,996,7,3),(991,324,1321,6,997,7,1),(992,324,1321,7,998,7,2),(993,324,1321,8,999,7,3),(994,325,1322,6,1000,7,1),(995,325,1322,7,1001,7,2),(996,325,1322,8,1002,7,3),(997,326,1323,6,1003,7,1),(998,326,1323,7,1004,7,2),(999,326,1323,8,1005,7,3),(1000,327,1324,6,1006,7,1),(1001,327,1324,7,1007,7,2),(1002,327,1324,8,1008,7,3),(1003,328,1325,6,1009,7,1),(1004,328,1325,7,1010,7,2),(1005,328,1325,8,1011,7,3),(1006,329,1326,6,1012,7,1),(1007,329,1326,7,1013,7,2),(1008,329,1326,8,1014,7,3),(1009,330,1327,6,1015,7,1),(1010,330,1327,7,1016,7,2),(1011,330,1327,8,1017,7,3),(1012,331,1328,6,1018,7,1),(1013,331,1328,7,1019,7,2),(1014,331,1328,8,1020,7,3),(1015,332,1329,6,1021,7,1),(1016,332,1329,7,1022,7,2),(1017,332,1329,8,1023,7,3),(1018,333,1330,6,1024,7,1),(1019,333,1330,7,1025,7,2),(1020,333,1330,8,1026,7,3),(1021,334,1331,6,1027,7,1),(1022,334,1331,7,1028,7,2),(1023,334,1331,8,1029,7,3),(1024,335,1332,6,1030,7,1),(1025,335,1332,7,1031,7,2),(1026,335,1332,8,1032,7,3),(1027,336,1333,6,1033,7,1),(1028,336,1333,7,1034,7,2),(1029,336,1333,8,1035,7,3),(1030,337,1334,6,1036,7,1),(1031,337,1334,7,1037,7,2),(1032,337,1334,8,1038,7,3),(1033,338,1335,6,1039,7,1),(1034,338,1335,7,1040,7,2),(1035,338,1335,8,1041,7,3),(1036,339,1336,6,1042,7,1),(1037,339,1336,7,1043,7,2),(1038,339,1336,8,1044,7,3),(1039,340,1337,6,1045,7,1),(1040,340,1337,7,1046,7,2),(1041,340,1337,8,1047,7,3),(1042,341,1338,6,1048,7,1),(1043,341,1338,7,1049,7,2),(1044,341,1338,8,1050,7,3),(1045,342,1339,6,1051,7,1),(1046,342,1339,7,1052,7,2),(1047,342,1339,8,1053,7,3),(1048,343,1340,6,1054,7,1),(1049,343,1340,7,1055,7,2),(1050,343,1340,8,1056,7,3),(1051,344,1341,6,1057,7,1),(1052,344,1341,7,1058,7,2),(1053,344,1341,8,1059,7,3),(1054,345,1342,6,1060,7,1),(1055,345,1342,7,1061,7,2),(1056,345,1342,8,1062,7,3),(1057,346,1343,6,1063,7,1),(1058,346,1343,7,1064,7,2),(1059,346,1343,8,1065,7,3),(1060,347,1344,6,1066,7,1),(1061,347,1344,7,1067,7,2),(1062,347,1344,8,1068,7,3),(1063,348,1345,6,1069,7,1),(1064,348,1345,7,1070,7,2),(1065,348,1345,8,1071,7,3),(1066,349,1346,6,1072,7,1),(1067,349,1346,7,1073,7,2),(1068,349,1346,8,1074,7,3),(1069,350,1347,6,1075,7,1),(1070,350,1347,7,1076,7,2),(1071,350,1347,8,1077,7,3),(1072,351,1348,6,1078,7,1),(1073,351,1348,7,1079,7,2),(1074,351,1348,8,1080,7,3),(1075,352,1349,6,1081,7,1),(1076,352,1349,7,1082,7,2),(1077,352,1349,8,1083,7,3),(1078,353,1350,6,1084,7,1),(1079,353,1350,7,1085,7,2),(1080,353,1350,8,1086,7,3),(1081,354,1351,6,1087,7,1),(1082,354,1351,7,1088,7,2),(1083,354,1351,8,1089,7,3),(1084,355,1352,6,1090,7,1),(1085,355,1352,7,1091,7,2),(1086,355,1352,8,1092,7,3),(1087,356,1353,6,1093,7,1),(1088,356,1353,7,1094,7,2),(1089,356,1353,8,1095,7,3),(1090,357,1354,6,1096,7,1),(1091,357,1354,7,1097,7,2),(1092,357,1354,8,1098,7,3),(1093,358,1355,6,1099,7,1),(1094,358,1355,7,1100,7,2),(1095,358,1355,8,1101,7,3),(1096,359,1356,6,1102,7,1),(1097,359,1356,7,1103,7,2),(1098,359,1356,8,1104,7,3),(1099,360,1357,6,1105,7,1),(1100,360,1357,7,1106,7,2),(1101,360,1357,8,1107,7,3),(1102,361,1358,6,1108,7,1),(1103,361,1358,7,1109,7,2),(1104,361,1358,8,1110,7,3),(1105,362,1359,6,1111,7,1),(1106,362,1359,7,1112,7,2),(1107,362,1359,8,1113,7,3),(1108,363,1360,6,1114,7,1),(1109,363,1360,7,1115,7,2),(1110,363,1360,8,1116,7,3),(1111,364,1361,6,1117,7,1),(1112,364,1361,7,1118,7,2),(1113,364,1361,8,1119,7,3),(1114,365,1362,6,1120,7,1),(1115,365,1362,7,1121,7,2),(1116,365,1362,8,1122,7,3),(1117,366,1363,6,1123,7,1),(1118,366,1363,7,1124,7,2),(1119,366,1363,8,1125,7,3),(1120,367,1364,6,1126,7,1),(1121,367,1364,7,1127,7,2),(1122,367,1364,8,1128,7,3),(1123,368,1365,6,1129,7,1),(1124,368,1365,7,1130,7,2),(1125,368,1365,8,1131,7,3),(1126,369,1366,6,1132,7,1),(1127,369,1366,7,1133,7,2),(1128,369,1366,8,1134,7,3),(1129,370,1367,6,1135,7,1),(1130,370,1367,7,1136,7,2),(1131,370,1367,8,1137,7,3),(1132,371,1368,6,1138,7,1),(1133,371,1368,7,1139,7,2),(1134,371,1368,8,1140,7,3),(1135,372,1369,6,1141,7,1),(1136,372,1369,7,1142,7,2),(1137,372,1369,8,1143,7,3),(1138,373,1370,6,1144,7,1),(1139,373,1370,7,1145,7,2),(1140,373,1370,8,1146,7,3),(1141,374,1371,6,1147,7,1),(1142,374,1371,7,1148,7,2),(1143,374,1371,8,1149,7,3),(1144,375,1372,6,1150,7,1),(1145,375,1372,7,1151,7,2),(1146,375,1372,8,1152,7,3),(1147,376,1373,6,1153,7,1),(1148,376,1373,7,1154,7,2),(1149,376,1373,8,1155,7,3),(1150,377,1374,6,1156,7,1),(1151,377,1374,7,1157,7,2),(1152,377,1374,8,1158,7,3),(1153,378,1375,6,1159,7,1),(1154,378,1375,7,1160,7,2),(1155,378,1375,8,1161,7,3),(1156,379,1376,6,1162,7,1),(1157,379,1376,7,1163,7,2),(1158,379,1376,8,1164,7,3),(1159,380,1377,6,1165,7,1),(1160,380,1377,7,1166,7,2),(1161,380,1377,8,1167,7,3),(1162,381,1378,6,1168,7,1),(1163,381,1378,7,1169,7,2),(1164,381,1378,8,1170,7,3),(1165,382,1379,6,1171,7,1),(1166,382,1379,7,1172,7,2),(1167,382,1379,8,1173,7,3),(1168,383,1380,6,1174,7,1),(1169,383,1380,7,1175,7,2),(1170,383,1380,8,1176,7,3),(1171,384,1381,6,1177,7,1),(1172,384,1381,7,1178,7,2),(1173,384,1381,8,1179,7,3),(1174,385,1382,6,1180,7,1),(1175,385,1382,7,1181,7,2),(1176,385,1382,8,1182,7,3),(1177,386,1383,6,1183,7,1),(1178,386,1383,7,1184,7,2),(1179,386,1383,8,1185,7,3),(1180,387,1384,6,1186,7,1),(1181,387,1384,7,1187,7,2),(1182,387,1384,8,1188,7,3),(1183,388,1385,6,1189,7,1),(1184,388,1385,7,1190,7,2),(1185,388,1385,8,1191,7,3),(1186,389,1386,6,1192,7,1),(1187,389,1386,7,1193,7,2),(1188,389,1386,8,1194,7,3),(1189,390,1387,6,1195,7,1),(1190,390,1387,7,1196,7,2),(1191,390,1387,8,1197,7,3),(1192,391,1388,6,1198,7,1),(1193,391,1388,7,1199,7,2),(1194,391,1388,8,1200,7,3),(1195,392,1389,6,1201,7,1),(1196,392,1389,7,1202,7,2),(1197,392,1389,8,1203,7,3),(1198,393,1390,6,1204,7,1),(1199,393,1390,7,1205,7,2),(1200,393,1390,8,1206,7,3),(1201,394,1391,6,1207,7,1),(1202,394,1391,7,1208,7,2),(1203,394,1391,8,1209,7,3),(1204,395,1392,6,1210,7,1),(1205,395,1392,7,1211,7,2),(1206,395,1392,8,1212,7,3),(1207,396,1393,6,1213,7,1),(1208,396,1393,7,1214,7,2),(1209,396,1393,8,1215,7,3),(1210,397,1394,6,1216,7,1),(1211,397,1394,7,1217,7,2),(1212,397,1394,8,1218,7,3),(1213,398,1395,6,1219,7,1),(1214,398,1395,7,1220,7,2),(1215,398,1395,8,1221,7,3),(1216,399,1396,6,1222,7,1),(1217,399,1396,7,1223,7,2),(1218,399,1396,8,1224,7,3),(1219,400,1397,6,1225,7,1),(1220,400,1397,7,1226,7,2),(1221,400,1397,8,1227,7,3),(1222,401,1398,6,1228,7,1),(1223,401,1398,7,1229,7,2),(1224,401,1398,8,1230,7,3),(1225,402,1399,6,1231,7,1),(1226,402,1399,7,1232,7,2),(1227,402,1399,8,1233,7,3),(1228,403,1400,6,1234,7,1),(1229,403,1400,7,1235,7,2),(1230,403,1400,8,1236,7,3),(1231,404,1401,6,1237,7,1),(1232,404,1401,7,1238,7,2),(1233,404,1401,8,1239,7,3),(1234,405,1402,6,1240,7,1),(1235,405,1402,7,1241,7,2),(1236,405,1402,8,1242,7,3),(1237,406,1403,6,1243,7,1),(1238,406,1403,7,1244,7,2),(1239,406,1403,8,1245,7,3),(1240,407,1404,6,1246,7,1),(1241,407,1404,7,1247,7,2),(1242,407,1404,8,1248,7,3),(1243,408,1405,6,1249,7,1),(1244,408,1405,7,1250,7,2),(1245,408,1405,8,1251,7,3),(1246,409,1406,6,1252,7,1),(1247,409,1406,7,1253,7,2),(1248,409,1406,8,1254,7,3),(1249,410,1407,6,1255,7,1),(1250,410,1407,7,1256,7,2),(1251,410,1407,8,1257,7,3),(1252,411,1408,6,1258,7,1),(1253,411,1408,7,1259,7,2),(1254,411,1408,8,1260,7,3),(1255,412,1409,6,1261,7,1),(1256,412,1409,7,1262,7,2),(1257,412,1409,8,1263,7,3),(1258,413,1410,6,1264,7,1),(1259,413,1410,7,1265,7,2),(1260,413,1410,8,1266,7,3),(1261,414,1411,6,1267,7,1),(1262,414,1411,7,1268,7,2),(1263,414,1411,8,1269,7,3),(1264,415,1412,6,1270,7,1),(1265,415,1412,7,1271,7,2),(1266,415,1412,8,1272,7,3),(1267,416,1413,6,1273,7,1),(1268,416,1413,7,1274,7,2),(1269,416,1413,8,1275,7,3),(1270,417,1414,6,1276,7,1),(1271,417,1414,7,1277,7,2),(1272,417,1414,8,1278,7,3),(1273,418,1415,6,1279,7,1),(1274,418,1415,7,1280,7,2),(1275,418,1415,8,1281,7,3),(1276,419,1416,6,1282,7,1),(1277,419,1416,7,1283,7,2),(1278,419,1416,8,1284,7,3),(1279,420,1417,6,1285,7,1),(1280,420,1417,7,1286,7,2),(1281,420,1417,8,1287,7,3),(1282,421,1418,6,1288,7,1),(1283,421,1418,7,1289,7,2),(1284,421,1418,8,1290,7,3),(1285,422,1419,6,1291,7,1),(1286,422,1419,7,1292,7,2),(1287,422,1419,8,1293,7,3),(1288,423,1420,6,1294,7,1),(1289,423,1420,7,1295,7,2),(1290,423,1420,8,1296,7,3),(1291,424,1421,6,1297,7,1),(1292,424,1421,7,1298,7,2),(1293,424,1421,8,1299,7,3),(1294,425,1422,6,1300,7,1),(1295,425,1422,7,1301,7,2),(1296,425,1422,8,1302,7,3),(1297,426,1423,6,1303,7,1),(1298,426,1423,7,1304,7,2),(1299,426,1423,8,1305,7,3),(1300,427,1424,6,1306,7,1),(1301,427,1424,7,1307,7,2),(1302,427,1424,8,1308,7,3),(1303,428,1425,6,1309,7,1),(1304,428,1425,7,1310,7,2),(1305,428,1425,8,1311,7,3),(1306,429,1426,6,1312,7,1),(1307,429,1426,7,1313,7,2),(1308,429,1426,8,1314,7,3),(1309,430,1427,6,1315,7,1),(1310,430,1427,7,1316,7,2),(1311,430,1427,8,1317,7,3),(1312,431,1428,6,1318,7,1),(1313,431,1428,7,1319,7,2),(1314,431,1428,8,1320,7,3),(1315,432,1429,6,1321,7,1),(1316,432,1429,7,1322,7,2),(1317,432,1429,8,1323,7,3),(1318,433,1430,6,1324,7,1),(1319,433,1430,7,1325,7,2),(1320,433,1430,8,1326,7,3),(1321,434,1431,6,1327,7,1),(1322,434,1431,7,1328,7,2),(1323,434,1431,8,1329,7,3),(1324,435,1432,6,1330,7,1),(1325,435,1432,7,1331,7,2),(1326,435,1432,8,1332,7,3),(1327,436,1433,6,1333,7,1),(1328,436,1433,7,1334,7,2),(1329,436,1433,8,1335,7,3),(1330,437,1434,6,1336,7,1),(1331,437,1434,7,1337,7,2),(1332,437,1434,8,1338,7,3),(1333,438,1435,6,1339,7,1),(1334,438,1435,7,1340,7,2),(1335,438,1435,8,1341,7,3),(1336,439,1436,6,1342,7,1),(1337,439,1436,7,1343,7,2),(1338,439,1436,8,1344,7,3),(1339,440,1437,6,1345,7,1),(1340,440,1437,7,1346,7,2),(1341,440,1437,8,1347,7,3),(1342,441,1438,6,1348,7,1),(1343,441,1438,7,1349,7,2),(1344,441,1438,8,1350,7,3),(1345,442,1439,6,1351,7,1),(1346,442,1439,7,1352,7,2),(1347,442,1439,8,1353,7,3),(1348,443,1440,6,1354,7,1),(1349,443,1440,7,1355,7,2),(1350,443,1440,8,1356,7,3),(1351,444,1441,6,1357,7,1),(1352,444,1441,7,1358,7,2),(1353,444,1441,8,1359,7,3),(1354,445,1442,6,1360,7,1),(1355,445,1442,7,1361,7,2),(1356,445,1442,8,1362,7,3),(1357,446,1443,6,1363,7,1),(1358,446,1443,7,1364,7,2),(1359,446,1443,8,1365,7,3),(1360,447,1444,6,1366,7,1),(1361,447,1444,7,1367,7,2),(1362,447,1444,8,1368,7,3),(1363,448,1445,6,1369,7,1),(1364,448,1445,7,1370,7,2),(1365,448,1445,8,1371,7,3),(1366,449,1446,6,1372,7,1),(1367,449,1446,7,1373,7,2),(1368,449,1446,8,1374,7,3),(1369,450,1447,6,1375,7,1),(1370,450,1447,7,1376,7,2),(1371,450,1447,8,1377,7,3),(1372,451,1448,6,1378,7,1),(1373,451,1448,7,1379,7,2),(1374,451,1448,8,1380,7,3),(1375,452,1449,6,1381,7,1),(1376,452,1449,7,1382,7,2),(1377,452,1449,8,1383,7,3),(1378,453,1450,6,1384,7,1),(1379,453,1450,7,1385,7,2),(1380,453,1450,8,1386,7,3),(1381,454,1451,6,1387,7,1),(1382,454,1451,7,1388,7,2),(1383,454,1451,8,1389,7,3),(1384,455,1452,6,1390,7,1),(1385,455,1452,7,1391,7,2),(1386,455,1452,8,1392,7,3),(1387,456,1453,6,1393,7,1),(1388,456,1453,7,1394,7,2),(1389,456,1453,8,1395,7,3),(1390,457,1454,6,1396,7,1),(1391,457,1454,7,1397,7,2),(1392,457,1454,8,1398,7,3),(1393,458,1455,6,1399,7,1),(1394,458,1455,7,1400,7,2),(1395,458,1455,8,1401,7,3),(1396,459,1456,6,1402,7,1),(1397,459,1456,7,1403,7,2),(1398,459,1456,8,1404,7,3),(1399,460,1457,6,1405,7,1),(1400,460,1457,7,1406,7,2),(1401,460,1457,8,1407,7,3),(1402,461,1458,6,1408,7,1),(1403,461,1458,7,1409,7,2),(1404,461,1458,8,1410,7,3),(1405,462,1459,6,1411,7,1),(1406,462,1459,7,1412,7,2),(1407,462,1459,8,1413,7,3),(1408,463,1460,6,1414,7,1),(1409,463,1460,7,1415,7,2),(1410,463,1460,8,1416,7,3),(1411,464,1461,6,1417,7,1),(1412,464,1461,7,1418,7,2),(1413,464,1461,8,1419,7,3),(1414,465,1462,6,1420,7,1),(1415,465,1462,7,1421,7,2),(1416,465,1462,8,1422,7,3),(1417,466,1463,6,1423,7,1),(1418,466,1463,7,1424,7,2),(1419,466,1463,8,1425,7,3),(1420,467,1464,6,1426,7,1),(1421,467,1464,7,1427,7,2),(1422,467,1464,8,1428,7,3),(1423,468,1465,6,1429,7,1),(1424,468,1465,7,1430,7,2),(1425,468,1465,8,1431,7,3),(1426,469,1466,6,1432,7,1),(1427,469,1466,7,1433,7,2),(1428,469,1466,8,1434,7,3),(1429,470,1467,6,1435,7,1),(1430,470,1467,7,1436,7,2),(1431,470,1467,8,1437,7,3),(1432,471,1468,6,1438,7,1),(1433,471,1468,7,1439,7,2),(1434,471,1468,8,1440,7,3),(1435,472,1469,6,1441,7,1),(1436,472,1469,7,1442,7,2),(1437,472,1469,8,1443,7,3),(1438,473,1470,6,1444,7,1),(1439,473,1470,7,1445,7,2),(1440,473,1470,8,1446,7,3),(1441,474,1471,6,1447,7,1),(1442,474,1471,7,1448,7,2),(1443,474,1471,8,1449,7,3),(1444,475,1472,6,1450,7,1),(1445,475,1472,7,1451,7,2),(1446,475,1472,8,1452,7,3),(1447,476,1473,6,1453,7,1),(1448,476,1473,7,1454,7,2),(1449,476,1473,8,1455,7,3),(1450,477,1474,6,1456,7,1),(1451,477,1474,7,1457,7,2),(1452,477,1474,8,1458,7,3),(1453,478,1475,6,1459,7,1),(1454,478,1475,7,1460,7,2),(1455,478,1475,8,1461,7,3),(1456,479,1476,6,1462,7,1),(1457,479,1476,7,1463,7,2),(1458,479,1476,8,1464,7,3),(1459,480,1477,6,1465,7,1),(1460,480,1477,7,1466,7,2),(1461,480,1477,8,1467,7,3),(1462,481,1478,6,1468,7,1),(1463,481,1478,7,1469,7,2),(1464,481,1478,8,1470,7,3),(1465,482,1479,6,1471,7,1),(1466,482,1479,7,1472,7,2),(1467,482,1479,8,1473,7,3),(1468,483,1480,6,1474,7,1),(1469,483,1480,7,1475,7,2),(1470,483,1480,8,1476,7,3),(1471,484,1481,6,1477,7,1),(1472,484,1481,7,1478,7,2),(1473,484,1481,8,1479,7,3),(1474,485,1482,6,1480,7,1),(1475,485,1482,7,1481,7,2),(1476,485,1482,8,1482,7,3),(1477,486,1483,6,1483,7,1),(1478,486,1483,7,1484,7,2),(1479,486,1483,8,1485,7,3),(1480,487,1484,6,1486,7,1),(1481,487,1484,7,1487,7,2),(1482,487,1484,8,1488,7,3),(1483,488,1485,6,1489,7,1),(1484,488,1485,7,1490,7,2),(1485,488,1485,8,1491,7,3),(1486,489,1486,6,1492,7,1),(1487,489,1486,7,1493,7,2),(1488,489,1486,8,1494,7,3),(1489,490,1487,6,1495,7,1),(1490,490,1487,7,1496,7,2),(1491,490,1487,8,1497,7,3),(1492,491,1488,6,1498,7,1),(1493,491,1488,7,1499,7,2),(1494,491,1488,8,1500,7,3),(1495,492,1489,6,1501,7,1),(1496,492,1489,7,1502,7,2),(1497,492,1489,8,1503,7,3),(1498,493,1490,6,1504,7,1),(1499,493,1490,7,1505,7,2),(1500,493,1490,8,1506,7,3),(1501,494,1491,6,1507,7,1),(1502,494,1491,7,1508,7,2),(1503,494,1491,8,1509,7,3),(1504,495,1492,6,1510,7,1),(1505,495,1492,7,1511,7,2),(1506,495,1492,8,1512,7,3),(1507,496,1493,6,1513,7,1),(1508,496,1493,7,1514,7,2),(1509,496,1493,8,1515,7,3),(1510,497,1494,6,1516,7,1),(1511,497,1494,7,1517,7,2),(1512,497,1494,8,1518,7,3),(1513,498,1495,6,1519,7,1),(1514,498,1495,7,1520,7,2),(1515,498,1495,8,1521,7,3),(1516,499,1496,6,1522,7,1),(1517,499,1496,7,1523,7,2),(1518,499,1496,8,1524,7,3),(1519,500,1497,6,1525,7,1),(1520,500,1497,7,1526,7,2),(1521,500,1497,8,1527,7,3),(1522,501,1498,6,1528,7,1),(1523,501,1498,7,1529,7,2),(1524,501,1498,8,1530,7,3),(1525,502,1499,6,1531,7,1),(1526,502,1499,7,1532,7,2),(1527,502,1499,8,1533,7,3),(1528,503,1500,6,1534,7,1),(1529,503,1500,7,1535,7,2),(1530,503,1500,8,1536,7,3),(1531,504,1501,6,1537,7,1),(1532,504,1501,7,1538,7,2),(1533,504,1501,8,1539,7,3),(1534,505,1502,6,1540,7,1),(1535,505,1502,7,1541,7,2),(1536,505,1502,8,1542,7,3),(1537,506,1503,6,1543,7,1),(1538,506,1503,7,1544,7,2),(1539,506,1503,8,1545,7,3),(1540,507,1504,6,1546,7,1),(1541,507,1504,7,1547,7,2),(1542,507,1504,8,1548,7,3),(1543,508,1505,6,1549,7,1),(1544,508,1505,7,1550,7,2),(1545,508,1505,8,1551,7,3),(1546,509,1506,6,1552,7,1),(1547,509,1506,7,1553,7,2),(1548,509,1506,8,1554,7,3),(1549,510,1507,6,1555,7,1),(1550,510,1507,7,1556,7,2),(1551,510,1507,8,1557,7,3),(1552,511,1508,6,1558,7,1),(1553,511,1508,7,1559,7,2),(1554,511,1508,8,1560,7,3),(1555,512,1509,6,1561,7,1),(1556,512,1509,7,1562,7,2),(1557,512,1509,8,1563,7,3),(1558,513,1510,6,1564,7,1),(1559,513,1510,7,1565,7,2),(1560,513,1510,8,1566,7,3),(1561,514,1511,6,1567,7,1),(1562,514,1511,7,1568,7,2),(1563,514,1511,8,1569,7,3),(1564,515,1512,6,1570,7,1),(1565,515,1512,7,1571,7,2),(1566,515,1512,8,1572,7,3),(1567,516,1513,6,1573,7,1),(1568,516,1513,7,1574,7,2),(1569,516,1513,8,1575,7,3),(1570,517,1514,6,1576,7,1),(1571,517,1514,7,1577,7,2),(1572,517,1514,8,1578,7,3),(1573,518,1515,6,1579,7,1),(1574,518,1515,7,1580,7,2),(1575,518,1515,8,1581,7,3),(1576,519,1516,6,1582,7,1),(1577,519,1516,7,1583,7,2),(1578,519,1516,8,1584,7,3),(1579,520,1517,6,1585,7,1),(1580,520,1517,7,1586,7,2),(1581,520,1517,8,1587,7,3),(1582,521,1518,6,1588,7,1),(1583,521,1518,7,1589,7,2),(1584,521,1518,8,1590,7,3),(1585,522,1519,6,1591,7,1),(1586,522,1519,7,1592,7,2),(1587,522,1519,8,1593,7,3),(1588,523,1520,6,1594,7,1),(1589,523,1520,7,1595,7,2),(1590,523,1520,8,1596,7,3),(1591,524,1521,6,1597,7,1),(1592,524,1521,7,1598,7,2),(1593,524,1521,8,1599,7,3),(1594,525,1522,6,1600,7,1),(1595,525,1522,7,1601,7,2),(1596,525,1522,8,1602,7,3),(1597,526,1523,6,1603,7,1),(1598,526,1523,7,1604,7,2),(1599,526,1523,8,1605,7,3),(1600,527,1524,6,1606,7,1),(1601,527,1524,7,1607,7,2),(1602,527,1524,8,1608,7,3),(1603,528,1525,6,1609,7,1),(1604,528,1525,7,1610,7,2),(1605,528,1525,8,1611,7,3),(1606,529,1526,6,1612,7,1),(1607,529,1526,7,1613,7,2),(1608,529,1526,8,1614,7,3),(1609,530,1527,6,1615,7,1),(1610,530,1527,7,1616,7,2),(1611,530,1527,8,1617,7,3),(1612,531,1528,6,1618,7,1),(1613,531,1528,7,1619,7,2),(1614,531,1528,8,1620,7,3),(1615,532,1529,6,1621,7,1),(1616,532,1529,7,1622,7,2),(1617,532,1529,8,1623,7,3),(1618,533,1530,6,1624,7,1),(1619,533,1530,7,1625,7,2),(1620,533,1530,8,1626,7,3),(1621,534,1531,6,1627,7,1),(1622,534,1531,7,1628,7,2),(1623,534,1531,8,1629,7,3),(1624,535,1532,6,1630,7,1),(1625,535,1532,7,1631,7,2),(1626,535,1532,8,1632,7,3),(1627,536,1533,6,1633,7,1),(1628,536,1533,7,1634,7,2),(1629,536,1533,8,1635,7,3),(1630,537,1534,6,1636,7,1),(1631,537,1534,7,1637,7,2),(1632,537,1534,8,1638,7,3),(1633,538,1535,6,1639,7,1),(1634,538,1535,7,1640,7,2),(1635,538,1535,8,1641,7,3),(1636,539,1536,6,1642,7,1),(1637,539,1536,7,1643,7,2),(1638,539,1536,8,1644,7,3),(1639,540,1537,6,1645,7,1),(1640,540,1537,7,1646,7,2),(1641,540,1537,8,1647,7,3),(1642,541,1538,6,1648,7,1),(1643,541,1538,7,1649,7,2),(1644,541,1538,8,1650,7,3),(1645,542,1539,6,1651,7,1),(1646,542,1539,7,1652,7,2),(1647,542,1539,8,1653,7,3),(1648,543,1540,6,1654,7,1),(1649,543,1540,7,1655,7,2),(1650,543,1540,8,1656,7,3),(1651,544,1541,6,1657,7,1),(1652,544,1541,7,1658,7,2),(1653,544,1541,8,1659,7,3),(1654,545,1542,6,1660,7,1),(1655,545,1542,7,1661,7,2),(1656,545,1542,8,1662,7,3),(1657,546,1543,6,1663,7,1),(1658,546,1543,7,1664,7,2),(1659,546,1543,8,1665,7,3),(1660,547,1544,6,1666,7,1),(1661,547,1544,7,1667,7,2),(1662,547,1544,8,1668,7,3),(1663,548,1545,6,1669,7,1),(1664,548,1545,7,1670,7,2),(1665,548,1545,8,1671,7,3),(1666,549,1546,6,1672,7,1),(1667,549,1546,7,1673,7,2),(1668,549,1546,8,1674,7,3),(1669,550,1547,6,1675,7,1),(1670,550,1547,7,1676,7,2),(1671,550,1547,8,1677,7,3),(1672,551,1548,6,1678,7,1),(1673,551,1548,7,1679,7,2),(1674,551,1548,8,1680,7,3),(1675,552,1549,6,1681,7,1),(1676,552,1549,7,1682,7,2),(1677,552,1549,8,1683,7,3),(1678,553,1550,6,1684,7,1),(1679,553,1550,7,1685,7,2),(1680,553,1550,8,1686,7,3),(1681,554,1551,6,1687,7,1),(1682,554,1551,7,1688,7,2),(1683,554,1551,8,1689,7,3),(1684,555,1552,6,1690,7,1),(1685,555,1552,7,1691,7,2),(1686,555,1552,8,1692,7,3),(1687,556,1553,6,1693,7,1),(1688,556,1553,7,1694,7,2),(1689,556,1553,8,1695,7,3),(1690,557,1554,6,1696,7,1),(1691,557,1554,7,1697,7,2),(1692,557,1554,8,1698,7,3),(1693,558,1555,6,1699,7,1),(1694,558,1555,7,1700,7,2),(1695,558,1555,8,1701,7,3),(1696,559,1556,6,1702,7,1),(1697,559,1556,7,1703,7,2),(1698,559,1556,8,1704,7,3),(1699,560,1557,6,1705,7,1),(1700,560,1557,7,1706,7,2),(1701,560,1557,8,1707,7,3),(1702,561,1558,6,1708,7,1),(1703,561,1558,7,1709,7,2),(1704,561,1558,8,1710,7,3),(1705,562,1559,6,1711,7,1),(1706,562,1559,7,1712,7,2),(1707,562,1559,8,1713,7,3),(1708,563,1560,6,1714,7,1),(1709,563,1560,7,1715,7,2),(1710,563,1560,8,1716,7,3),(1711,564,1561,6,1717,7,1),(1712,564,1561,7,1718,7,2),(1713,564,1561,8,1719,7,3),(1714,565,1562,6,1720,7,1),(1715,565,1562,7,1721,7,2),(1716,565,1562,8,1722,7,3),(1717,566,1563,6,1723,7,1),(1718,566,1563,7,1724,7,2),(1719,566,1563,8,1725,7,3),(1720,567,1564,6,1726,7,1),(1721,567,1564,7,1727,7,2),(1722,567,1564,8,1728,7,3),(1723,568,1565,6,1729,7,1),(1724,568,1565,7,1730,7,2),(1725,568,1565,8,1731,7,3),(1726,569,1566,6,1732,7,1),(1727,569,1566,7,1733,7,2),(1728,569,1566,8,1734,7,3),(1729,570,1567,6,1735,7,1),(1730,570,1567,7,1736,7,2),(1731,570,1567,8,1737,7,3),(1732,571,1568,6,1738,7,1),(1733,571,1568,7,1739,7,2),(1734,571,1568,8,1740,7,3),(1735,572,1569,6,1741,7,1),(1736,572,1569,7,1742,7,2),(1737,572,1569,8,1743,7,3),(1738,573,1570,6,1744,7,1),(1739,573,1570,7,1745,7,2),(1740,573,1570,8,1746,7,3),(1741,574,1571,6,1747,7,1),(1742,574,1571,7,1748,7,2),(1743,574,1571,8,1749,7,3),(1744,575,1572,6,1750,7,1),(1745,575,1572,7,1751,7,2),(1746,575,1572,8,1752,7,3),(1747,576,1573,6,1753,7,1),(1748,576,1573,7,1754,7,2),(1749,576,1573,8,1755,7,3),(1750,577,1574,6,1756,7,1),(1751,577,1574,7,1757,7,2),(1752,577,1574,8,1758,7,3),(1753,578,1575,6,1759,7,1),(1754,578,1575,7,1760,7,2),(1755,578,1575,8,1761,7,3),(1756,579,1576,6,1762,7,1),(1757,579,1576,7,1763,7,2),(1758,579,1576,8,1764,7,3),(1759,580,1577,6,1765,7,1),(1760,580,1577,7,1766,7,2),(1761,580,1577,8,1767,7,3),(1762,581,1578,6,1768,7,1),(1763,581,1578,7,1769,7,2),(1764,581,1578,8,1770,7,3),(1765,582,1579,6,1771,7,1),(1766,582,1579,7,1772,7,2),(1767,582,1579,8,1773,7,3),(1768,583,1580,6,1774,7,1),(1769,583,1580,7,1775,7,2),(1770,583,1580,8,1776,7,3),(1771,584,1581,6,1777,7,1),(1772,584,1581,7,1778,7,2),(1773,584,1581,8,1779,7,3),(1774,585,1582,6,1780,7,1),(1775,585,1582,7,1781,7,2),(1776,585,1582,8,1782,7,3),(1777,586,1583,6,1783,7,1),(1778,586,1583,7,1784,7,2),(1779,586,1583,8,1785,7,3),(1780,587,1584,6,1786,7,1),(1781,587,1584,7,1787,7,2),(1782,587,1584,8,1788,7,3),(1783,588,1585,6,1789,7,1),(1784,588,1585,7,1790,7,2),(1785,588,1585,8,1791,7,3),(1786,589,1586,6,1792,7,1),(1787,589,1586,7,1793,7,2),(1788,589,1586,8,1794,7,3),(1789,590,1587,6,1795,7,1),(1790,590,1587,7,1796,7,2),(1791,590,1587,8,1797,7,3),(1792,591,1588,6,1798,7,1),(1793,591,1588,7,1799,7,2),(1794,591,1588,8,1800,7,3),(1795,592,1589,6,1801,7,1),(1796,592,1589,7,1802,7,2),(1797,592,1589,8,1803,7,3),(1798,593,1590,6,1804,7,1),(1799,593,1590,7,1805,7,2),(1800,593,1590,8,1806,7,3),(1801,594,1591,6,1807,7,1),(1802,594,1591,7,1808,7,2),(1803,594,1591,8,1809,7,3),(1804,595,1592,6,1810,7,1),(1805,595,1592,7,1811,7,2),(1806,595,1592,8,1812,7,3),(1807,596,1593,6,1813,7,1),(1808,596,1593,7,1814,7,2),(1809,596,1593,8,1815,7,3),(1810,597,1594,6,1816,7,1),(1811,597,1594,7,1817,7,2),(1812,597,1594,8,1818,7,3),(1813,598,1595,6,1819,7,1),(1814,598,1595,7,1820,7,2),(1815,598,1595,8,1821,7,3),(1816,599,1596,6,1822,7,1),(1817,599,1596,7,1823,7,2),(1818,599,1596,8,1824,7,3),(1819,600,1597,6,1825,7,1),(1820,600,1597,7,1826,7,2),(1821,600,1597,8,1827,7,3),(1822,601,1598,6,1828,7,1),(1823,601,1598,7,1829,7,2),(1824,601,1598,8,1830,7,3),(1825,602,1599,6,1831,7,1),(1826,602,1599,7,1832,7,2),(1827,602,1599,8,1833,7,3),(1828,603,1600,6,1834,7,1),(1829,603,1600,7,1835,7,2),(1830,603,1600,8,1836,7,3),(1831,604,1601,6,1837,7,1),(1832,604,1601,7,1838,7,2),(1833,604,1601,8,1839,7,3),(1834,605,1602,6,1840,7,1),(1835,605,1602,7,1841,7,2),(1836,605,1602,8,1842,7,3),(1837,606,1603,6,1843,7,1),(1838,606,1603,7,1844,7,2),(1839,606,1603,8,1845,7,3),(1840,607,1604,6,1846,7,1),(1841,607,1604,7,1847,7,2),(1842,607,1604,8,1848,7,3),(1843,608,1605,6,1849,7,1),(1844,608,1605,7,1850,7,2),(1845,608,1605,8,1851,7,3),(1846,609,1606,6,1852,7,1),(1847,609,1606,7,1853,7,2),(1848,609,1606,8,1854,7,3),(1849,610,1607,6,1855,7,1),(1850,610,1607,7,1856,7,2),(1851,610,1607,8,1857,7,3),(1852,611,1608,6,1858,7,1),(1853,611,1608,7,1859,7,2),(1854,611,1608,8,1860,7,3),(1855,612,1609,6,1861,7,1),(1856,612,1609,7,1862,7,2),(1857,612,1609,8,1863,7,3),(1858,613,1610,6,1864,7,1),(1859,613,1610,7,1865,7,2),(1860,613,1610,8,1866,7,3),(1861,614,1611,6,1867,7,1),(1862,614,1611,7,1868,7,2),(1863,614,1611,8,1869,7,3),(1864,615,1612,6,1870,7,1),(1865,615,1612,7,1871,7,2),(1866,615,1612,8,1872,7,3),(1867,616,1613,6,1873,7,1),(1868,616,1613,7,1874,7,2),(1869,616,1613,8,1875,7,3),(1870,617,1614,6,1876,7,1),(1871,617,1614,7,1877,7,2),(1872,617,1614,8,1878,7,3),(1873,618,1615,6,1879,7,1),(1874,618,1615,7,1880,7,2),(1875,618,1615,8,1881,7,3),(1876,619,1616,6,1882,7,1),(1877,619,1616,7,1883,7,2),(1878,619,1616,8,1884,7,3),(1879,620,1617,6,1885,7,1),(1880,620,1617,7,1886,7,2),(1881,620,1617,8,1887,7,3),(1882,621,1618,6,1888,7,1),(1883,621,1618,7,1889,7,2),(1884,621,1618,8,1890,7,3),(1885,622,1619,6,1891,7,1),(1886,622,1619,7,1892,7,2),(1887,622,1619,8,1893,7,3),(1888,623,1620,6,1894,7,1),(1889,623,1620,7,1895,7,2),(1890,623,1620,8,1896,7,3),(1891,624,1621,6,1897,7,1),(1892,624,1621,7,1898,7,2),(1893,624,1621,8,1899,7,3),(1894,625,1622,6,1900,7,1),(1895,625,1622,7,1901,7,2),(1896,625,1622,8,1902,7,3),(1897,626,1623,6,1903,7,1),(1898,626,1623,7,1904,7,2),(1899,626,1623,8,1905,7,3),(1900,627,1624,6,1906,7,1),(1901,627,1624,7,1907,7,2),(1902,627,1624,8,1908,7,3),(1903,628,1625,6,1909,7,1),(1904,628,1625,7,1910,7,2),(1905,628,1625,8,1911,7,3),(1906,629,1626,6,1912,7,1),(1907,629,1626,7,1913,7,2),(1908,629,1626,8,1914,7,3),(1909,630,1627,6,1915,7,1),(1910,630,1627,7,1916,7,2),(1911,630,1627,8,1917,7,3),(1912,631,1628,6,1918,7,1),(1913,631,1628,7,1919,7,2),(1914,631,1628,8,1920,7,3),(1915,632,1629,6,1921,7,1),(1916,632,1629,7,1922,7,2),(1917,632,1629,8,1923,7,3),(1918,633,1630,6,1924,7,1),(1919,633,1630,7,1925,7,2),(1920,633,1630,8,1926,7,3),(1921,634,1631,6,1927,7,1),(1922,634,1631,7,1928,7,2),(1923,634,1631,8,1929,7,3),(1924,635,1632,6,1930,7,1),(1925,635,1632,7,1931,7,2),(1926,635,1632,8,1932,7,3),(1927,636,1633,6,1933,7,1),(1928,636,1633,7,1934,7,2),(1929,636,1633,8,1935,7,3),(1930,637,1634,6,1936,7,1),(1931,637,1634,7,1937,7,2),(1932,637,1634,8,1938,7,3),(1933,638,1635,6,1939,7,1),(1934,638,1635,7,1940,7,2),(1935,638,1635,8,1941,7,3),(1936,639,1636,6,1942,7,1),(1937,639,1636,7,1943,7,2),(1938,639,1636,8,1944,7,3),(1939,640,1637,6,1945,7,1),(1940,640,1637,7,1946,7,2),(1941,640,1637,8,1947,7,3),(1942,641,1638,6,1948,7,1),(1943,641,1638,7,1949,7,2),(1944,641,1638,8,1950,7,3),(1945,642,1639,6,1951,7,1),(1946,642,1639,7,1952,7,2),(1947,642,1639,8,1953,7,3),(1948,643,1640,6,1954,7,1),(1949,643,1640,7,1955,7,2),(1950,643,1640,8,1956,7,3),(1951,644,1641,6,1957,7,1),(1952,644,1641,7,1958,7,2),(1953,644,1641,8,1959,7,3),(1954,645,1642,6,1960,7,1),(1955,645,1642,7,1961,7,2),(1956,645,1642,8,1962,7,3),(1957,646,1643,6,1963,7,1),(1958,646,1643,7,1964,7,2),(1959,646,1643,8,1965,7,3),(1960,647,1644,6,1966,7,1),(1961,647,1644,7,1967,7,2),(1962,647,1644,8,1968,7,3),(1963,648,1645,6,1969,7,1),(1964,648,1645,7,1970,7,2),(1965,648,1645,8,1971,7,3),(1966,649,1646,6,1972,7,1),(1967,649,1646,7,1973,7,2),(1968,649,1646,8,1974,7,3),(1969,650,1647,6,1975,7,1),(1970,650,1647,7,1976,7,2),(1971,650,1647,8,1977,7,3),(1972,651,1648,6,1978,7,1),(1973,651,1648,7,1979,7,2),(1974,651,1648,8,1980,7,3),(1975,652,1649,6,1981,7,1),(1976,652,1649,7,1982,7,2),(1977,652,1649,8,1983,7,3),(1978,653,1650,6,1984,7,1),(1979,653,1650,7,1985,7,2),(1980,653,1650,8,1986,7,3),(1981,654,1651,6,1987,7,1),(1982,654,1651,7,1988,7,2),(1983,654,1651,8,1989,7,3),(1984,655,1652,6,1990,7,1),(1985,655,1652,7,1991,7,2),(1986,655,1652,8,1992,7,3),(1987,656,1653,6,1993,7,1),(1988,656,1653,7,1994,7,2),(1989,656,1653,8,1995,7,3),(1990,657,1654,6,1996,7,1),(1991,657,1654,7,1997,7,2),(1992,657,1654,8,1998,7,3),(1993,658,1655,6,1999,7,1),(1994,658,1655,7,2000,7,2),(1995,658,1655,8,2001,7,3),(1996,659,1656,6,2002,7,1),(1997,659,1656,7,2003,7,2),(1998,659,1656,8,2004,7,3),(1999,660,1657,6,2005,7,1),(2000,660,1657,7,2006,7,2),(2001,660,1657,8,2007,7,3),(2002,661,1658,6,2008,7,1),(2003,661,1658,7,2009,7,2),(2004,661,1658,8,2010,7,3),(2005,662,1659,6,2011,7,1),(2006,662,1659,7,2012,7,2),(2007,662,1659,8,2013,7,3),(2008,663,1660,6,2014,7,1),(2009,663,1660,7,2015,7,2),(2010,663,1660,8,2016,7,3),(2011,664,1661,6,2017,7,1),(2012,664,1661,7,2018,7,2),(2013,664,1661,8,2019,7,3),(2014,665,1662,6,2020,7,1),(2015,665,1662,7,2021,7,2),(2016,665,1662,8,2022,7,3),(2017,666,1663,6,2023,7,1),(2018,666,1663,7,2024,7,2),(2019,666,1663,8,2025,7,3),(2020,667,1664,6,2026,7,1),(2021,667,1664,7,2027,7,2),(2022,667,1664,8,2028,7,3),(2023,668,1665,6,2029,7,1),(2024,668,1665,7,2030,7,2),(2025,668,1665,8,2031,7,3),(2026,669,1666,6,2032,7,1),(2027,669,1666,7,2033,7,2),(2028,669,1666,8,2034,7,3),(2029,670,1667,6,2035,7,1),(2030,670,1667,7,2036,7,2),(2031,670,1667,8,2037,7,3),(2032,671,1668,6,2038,7,1),(2033,671,1668,7,2039,7,2),(2034,671,1668,8,2040,7,3),(2035,672,1669,6,2041,7,1),(2036,672,1669,7,2042,7,2),(2037,672,1669,8,2043,7,3),(2038,673,1670,6,2044,7,1),(2039,673,1670,7,2045,7,2),(2040,673,1670,8,2046,7,3),(2041,674,1671,6,2047,7,1),(2042,674,1671,7,2048,7,2),(2043,674,1671,8,2049,7,3),(2044,675,1672,6,2050,7,1),(2045,675,1672,7,2051,7,2),(2046,675,1672,8,2052,7,3),(2047,676,1673,6,2053,7,1),(2048,676,1673,7,2054,7,2),(2049,676,1673,8,2055,7,3),(2050,677,1674,6,2056,7,1),(2051,677,1674,7,2057,7,2),(2052,677,1674,8,2058,7,3),(2053,678,1675,6,2059,7,1),(2054,678,1675,7,2060,7,2),(2055,678,1675,8,2061,7,3),(2056,679,1676,6,2062,7,1),(2057,679,1676,7,2063,7,2),(2058,679,1676,8,2064,7,3),(2059,680,1677,6,2065,7,1),(2060,680,1677,7,2066,7,2),(2061,680,1677,8,2067,7,3),(2062,681,1678,6,2068,7,1),(2063,681,1678,7,2069,7,2),(2064,681,1678,8,2070,7,3),(2065,682,1679,6,2071,7,1),(2066,682,1679,7,2072,7,2),(2067,682,1679,8,2073,7,3),(2068,683,1680,6,2074,7,1),(2069,683,1680,7,2075,7,2),(2070,683,1680,8,2076,7,3),(2071,684,1681,6,2077,7,1),(2072,684,1681,7,2078,7,2),(2073,684,1681,8,2079,7,3),(2074,685,1682,6,2080,7,1),(2075,685,1682,7,2081,7,2),(2076,685,1682,8,2082,7,3),(2077,686,1683,6,2083,7,1),(2078,686,1683,7,2084,7,2),(2079,686,1683,8,2085,7,3),(2080,687,1684,6,2086,7,1),(2081,687,1684,7,2087,7,2),(2082,687,1684,8,2088,7,3),(2083,688,1685,6,2089,7,1),(2084,688,1685,7,2090,7,2),(2085,688,1685,8,2091,7,3),(2086,689,1686,6,2092,7,1),(2087,689,1686,7,2093,7,2),(2088,689,1686,8,2094,7,3),(2089,690,1687,6,2095,7,1),(2090,690,1687,7,2096,7,2),(2091,690,1687,8,2097,7,3),(2092,691,1688,6,2098,7,1),(2093,691,1688,7,2099,7,2),(2094,691,1688,8,2100,7,3),(2095,692,1689,6,2101,7,1),(2096,692,1689,7,2102,7,2),(2097,692,1689,8,2103,7,3),(2098,693,1690,6,2104,7,1),(2099,693,1690,7,2105,7,2),(2100,693,1690,8,2106,7,3),(2101,694,1691,6,2107,7,1),(2102,694,1691,7,2108,7,2),(2103,694,1691,8,2109,7,3),(2104,695,1692,6,2110,7,1),(2105,695,1692,7,2111,7,2),(2106,695,1692,8,2112,7,3),(2107,696,1693,6,2113,7,1),(2108,696,1693,7,2114,7,2),(2109,696,1693,8,2115,7,3),(2110,697,1694,6,2116,7,1),(2111,697,1694,7,2117,7,2),(2112,697,1694,8,2118,7,3),(2113,698,1695,6,2119,7,1),(2114,698,1695,7,2120,7,2),(2115,698,1695,8,2121,7,3),(2116,699,1696,6,2122,7,1),(2117,699,1696,7,2123,7,2),(2118,699,1696,8,2124,7,3),(2119,700,1697,6,2125,7,1),(2120,700,1697,7,2126,7,2),(2121,700,1697,8,2127,7,3),(2122,701,1698,6,2128,7,1),(2123,701,1698,7,2129,7,2),(2124,701,1698,8,2130,7,3),(2125,702,1699,6,2131,7,1),(2126,702,1699,7,2132,7,2),(2127,702,1699,8,2133,7,3),(2128,703,1700,6,2134,7,1),(2129,703,1700,7,2135,7,2),(2130,703,1700,8,2136,7,3),(2131,704,1701,6,2137,7,1),(2132,704,1701,7,2138,7,2),(2133,704,1701,8,2139,7,3),(2134,705,1702,6,2140,7,1),(2135,705,1702,7,2141,7,2),(2136,705,1702,8,2142,7,3),(2137,706,1703,6,2143,7,1),(2138,706,1703,7,2144,7,2),(2139,706,1703,8,2145,7,3),(2140,707,1704,6,2146,7,1),(2141,707,1704,7,2147,7,2),(2142,707,1704,8,2148,7,3),(2143,708,1705,6,2149,7,1),(2144,708,1705,7,2150,7,2),(2145,708,1705,8,2151,7,3),(2146,709,1706,6,2152,7,1),(2147,709,1706,7,2153,7,2),(2148,709,1706,8,2154,7,3),(2149,710,1707,6,2155,7,1),(2150,710,1707,7,2156,7,2),(2151,710,1707,8,2157,7,3),(2152,711,1708,6,2158,7,1),(2153,711,1708,7,2159,7,2),(2154,711,1708,8,2160,7,3),(2155,712,1709,6,2161,7,1),(2156,712,1709,7,2162,7,2),(2157,712,1709,8,2163,7,3),(2158,713,1710,6,2164,7,1),(2159,713,1710,7,2165,7,2),(2160,713,1710,8,2166,7,3),(2161,714,1711,6,2167,7,1),(2162,714,1711,7,2168,7,2),(2163,714,1711,8,2169,7,3),(2164,715,1712,6,2170,7,1),(2165,715,1712,7,2171,7,2),(2166,715,1712,8,2172,7,3),(2167,716,1713,6,2173,7,1),(2168,716,1713,7,2174,7,2),(2169,716,1713,8,2175,7,3),(2170,717,1714,6,2176,7,1),(2171,717,1714,7,2177,7,2),(2172,717,1714,8,2178,7,3),(2173,718,1715,6,2179,7,1),(2174,718,1715,7,2180,7,2),(2175,718,1715,8,2181,7,3),(2176,719,1716,6,2182,7,1),(2177,719,1716,7,2183,7,2),(2178,719,1716,8,2184,7,3),(2179,720,1717,6,2185,7,1),(2180,720,1717,7,2186,7,2),(2181,720,1717,8,2187,7,3),(2182,721,1718,6,2188,7,1),(2183,721,1718,7,2189,7,2),(2184,721,1718,8,2190,7,3),(2185,722,1719,6,2191,7,1),(2186,722,1719,7,2192,7,2),(2187,722,1719,8,2193,7,3),(2188,723,1720,6,2194,7,1),(2189,723,1720,7,2195,7,2),(2190,723,1720,8,2196,7,3),(2191,724,1721,6,2197,7,1),(2192,724,1721,7,2198,7,2),(2193,724,1721,8,2199,7,3),(2194,725,1722,6,2200,7,1),(2195,725,1722,7,2201,7,2),(2196,725,1722,8,2202,7,3),(2197,726,1723,6,2203,7,1),(2198,726,1723,7,2204,7,2),(2199,726,1723,8,2205,7,3),(2200,727,1724,6,2206,7,1),(2201,727,1724,7,2207,7,2),(2202,727,1724,8,2208,7,3),(2203,728,1725,6,2209,7,1),(2204,728,1725,7,2210,7,2),(2205,728,1725,8,2211,7,3),(2206,729,1726,6,2212,7,1),(2207,729,1726,7,2213,7,2),(2208,729,1726,8,2214,7,3),(2209,730,1727,6,2215,7,1),(2210,730,1727,7,2216,7,2),(2211,730,1727,8,2217,7,3),(2212,731,1728,6,2218,7,1),(2213,731,1728,7,2219,7,2),(2214,731,1728,8,2220,7,3),(2215,732,1729,6,2221,7,1),(2216,732,1729,7,2222,7,2),(2217,732,1729,8,2223,7,3),(2218,733,1730,6,2224,7,1),(2219,733,1730,7,2225,7,2),(2220,733,1730,8,2226,7,3),(2221,734,1731,6,2227,7,1),(2222,734,1731,7,2228,7,2),(2223,734,1731,8,2229,7,3),(2224,735,1732,6,2230,7,1),(2225,735,1732,7,2231,7,2),(2226,735,1732,8,2232,7,3),(2227,736,1733,6,2233,7,1),(2228,736,1733,7,2234,7,2),(2229,736,1733,8,2235,7,3),(2230,737,1734,6,2236,7,1),(2231,737,1734,7,2237,7,2),(2232,737,1734,8,2238,7,3),(2233,738,1735,6,2239,7,1),(2234,738,1735,7,2240,7,2),(2235,738,1735,8,2241,7,3),(2236,739,1736,6,2242,7,1),(2237,739,1736,7,2243,7,2),(2238,739,1736,8,2244,7,3),(2239,740,1737,6,2245,7,1),(2240,740,1737,7,2246,7,2),(2241,740,1737,8,2247,7,3),(2242,741,1738,6,2248,7,1),(2243,741,1738,7,2249,7,2),(2244,741,1738,8,2250,7,3),(2245,742,1739,6,2251,7,1),(2246,742,1739,7,2252,7,2),(2247,742,1739,8,2253,7,3),(2248,743,1740,6,2254,7,1),(2249,743,1740,7,2255,7,2),(2250,743,1740,8,2256,7,3),(2251,744,1741,6,2257,7,1),(2252,744,1741,7,2258,7,2),(2253,744,1741,8,2259,7,3),(2254,745,1742,6,2260,7,1),(2255,745,1742,7,2261,7,2),(2256,745,1742,8,2262,7,3),(2257,746,1743,6,2263,7,1),(2258,746,1743,7,2264,7,2),(2259,746,1743,8,2265,7,3),(2260,747,1744,6,2266,7,1),(2261,747,1744,7,2267,7,2),(2262,747,1744,8,2268,7,3),(2263,748,1745,6,2269,7,1),(2264,748,1745,7,2270,7,2),(2265,748,1745,8,2271,7,3),(2266,749,1746,6,2272,7,1),(2267,749,1746,7,2273,7,2),(2268,749,1746,8,2274,7,3),(2269,750,1747,6,2275,7,1),(2270,750,1747,7,2276,7,2),(2271,750,1747,8,2277,7,3),(2272,751,1748,6,2278,7,1),(2273,751,1748,7,2279,7,2),(2274,751,1748,8,2280,7,3),(2275,752,1749,6,2281,7,1),(2276,752,1749,7,2282,7,2),(2277,752,1749,8,2283,7,3),(2278,753,1750,6,2284,7,1),(2279,753,1750,7,2285,7,2),(2280,753,1750,8,2286,7,3),(2281,754,1751,6,2287,7,1),(2282,754,1751,7,2288,7,2),(2283,754,1751,8,2289,7,3),(2284,755,1752,6,2290,7,1),(2285,755,1752,7,2291,7,2),(2286,755,1752,8,2292,7,3),(2287,756,1753,6,2293,7,1),(2288,756,1753,7,2294,7,2),(2289,756,1753,8,2295,7,3),(2290,757,1754,6,2296,7,1),(2291,757,1754,7,2297,7,2),(2292,757,1754,8,2298,7,3),(2293,758,1755,6,2299,7,1),(2294,758,1755,7,2300,7,2),(2295,758,1755,8,2301,7,3),(2296,759,1756,6,2302,7,1),(2297,759,1756,7,2303,7,2),(2298,759,1756,8,2304,7,3),(2299,760,1757,6,2305,7,1),(2300,760,1757,7,2306,7,2),(2301,760,1757,8,2307,7,3),(2302,761,1758,6,2308,7,1),(2303,761,1758,7,2309,7,2),(2304,761,1758,8,2310,7,3),(2305,762,1759,6,2311,7,1),(2306,762,1759,7,2312,7,2),(2307,762,1759,8,2313,7,3),(2308,763,1760,6,2314,7,1),(2309,763,1760,7,2315,7,2),(2310,763,1760,8,2316,7,3),(2311,764,1761,6,2317,7,1),(2312,764,1761,7,2318,7,2),(2313,764,1761,8,2319,7,3),(2314,765,1762,6,2320,7,1),(2315,765,1762,7,2321,7,2),(2316,765,1762,8,2322,7,3),(2317,766,1763,6,2323,7,1),(2318,766,1763,7,2324,7,2),(2319,766,1763,8,2325,7,3),(2320,767,1764,6,2326,7,1),(2321,767,1764,7,2327,7,2),(2322,767,1764,8,2328,7,3),(2323,768,1765,6,2329,7,1),(2324,768,1765,7,2330,7,2),(2325,768,1765,8,2331,7,3),(2326,769,1766,6,2332,7,1),(2327,769,1766,7,2333,7,2),(2328,769,1766,8,2334,7,3),(2329,770,1767,6,2335,7,1),(2330,770,1767,7,2336,7,2),(2331,770,1767,8,2337,7,3),(2332,771,1768,6,2338,7,1),(2333,771,1768,7,2339,7,2),(2334,771,1768,8,2340,7,3),(2335,772,1769,6,2341,7,1),(2336,772,1769,7,2342,7,2),(2337,772,1769,8,2343,7,3),(2338,773,1770,6,2344,7,1),(2339,773,1770,7,2345,7,2),(2340,773,1770,8,2346,7,3),(2341,774,1771,6,2347,7,1),(2342,774,1771,7,2348,7,2),(2343,774,1771,8,2349,7,3),(2344,775,1772,6,2350,7,1),(2345,775,1772,7,2351,7,2),(2346,775,1772,8,2352,7,3),(2347,776,1773,6,2353,7,1),(2348,776,1773,7,2354,7,2),(2349,776,1773,8,2355,7,3),(2350,777,1774,6,2356,7,1),(2351,777,1774,7,2357,7,2),(2352,777,1774,8,2358,7,3),(2353,778,1775,6,2359,7,1),(2354,778,1775,7,2360,7,2),(2355,778,1775,8,2361,7,3),(2356,779,1776,6,2362,7,1),(2357,779,1776,7,2363,7,2),(2358,779,1776,8,2364,7,3),(2359,780,1777,6,2365,7,1),(2360,780,1777,7,2366,7,2),(2361,780,1777,8,2367,7,3),(2362,781,1778,6,2368,7,1),(2363,781,1778,7,2369,7,2),(2364,781,1778,8,2370,7,3),(2365,782,1779,6,2371,7,1),(2366,782,1779,7,2372,7,2),(2367,782,1779,8,2373,7,3),(2368,783,1780,6,2374,7,1),(2369,783,1780,7,2375,7,2),(2370,783,1780,8,2376,7,3),(2371,784,1781,6,2377,7,1),(2372,784,1781,7,2378,7,2),(2373,784,1781,8,2379,7,3),(2374,785,1782,6,2380,7,1),(2375,785,1782,7,2381,7,2),(2376,785,1782,8,2382,7,3),(2377,786,1783,6,2383,7,1),(2378,786,1783,7,2384,7,2),(2379,786,1783,8,2385,7,3),(2380,787,1784,6,2386,7,1),(2381,787,1784,7,2387,7,2),(2382,787,1784,8,2388,7,3),(2383,788,1785,6,2389,7,1),(2384,788,1785,7,2390,7,2),(2385,788,1785,8,2391,7,3),(2386,789,1786,6,2392,7,1),(2387,789,1786,7,2393,7,2),(2388,789,1786,8,2394,7,3),(2389,790,1787,6,2395,7,1),(2390,790,1787,7,2396,7,2),(2391,790,1787,8,2397,7,3),(2392,791,1788,6,2398,7,1),(2393,791,1788,7,2399,7,2),(2394,791,1788,8,2400,7,3),(2395,792,1789,6,2401,7,1),(2396,792,1789,7,2402,7,2),(2397,792,1789,8,2403,7,3),(2398,793,1790,6,2404,7,1),(2399,793,1790,7,2405,7,2),(2400,793,1790,8,2406,7,3),(2401,794,1791,6,2407,7,1),(2402,794,1791,7,2408,7,2),(2403,794,1791,8,2409,7,3),(2404,795,1792,6,2410,7,1),(2405,795,1792,7,2411,7,2),(2406,795,1792,8,2412,7,3),(2407,796,1793,6,2413,7,1),(2408,796,1793,7,2414,7,2),(2409,796,1793,8,2415,7,3),(2410,797,1794,6,2416,7,1),(2411,797,1794,7,2417,7,2),(2412,797,1794,8,2418,7,3),(2413,798,1795,6,2419,7,1),(2414,798,1795,7,2420,7,2),(2415,798,1795,8,2421,7,3),(2416,799,1796,6,2422,7,1),(2417,799,1796,7,2423,7,2),(2418,799,1796,8,2424,7,3),(2419,800,1797,6,2425,7,1),(2420,800,1797,7,2426,7,2),(2421,800,1797,8,2427,7,3),(2422,801,1798,6,2428,7,1),(2423,801,1798,7,2429,7,2),(2424,801,1798,8,2430,7,3),(2425,802,1799,6,2431,7,1),(2426,802,1799,7,2432,7,2),(2427,802,1799,8,2433,7,3),(2428,803,1800,6,2434,7,1),(2429,803,1800,7,2435,7,2),(2430,803,1800,8,2436,7,3),(2431,804,1801,6,2437,7,1),(2432,804,1801,7,2438,7,2),(2433,804,1801,8,2439,7,3),(2434,805,1802,6,2440,7,1),(2435,805,1802,7,2441,7,2),(2436,805,1802,8,2442,7,3),(2437,806,1803,6,2443,7,1),(2438,806,1803,7,2444,7,2),(2439,806,1803,8,2445,7,3),(2440,807,1804,6,2446,7,1),(2441,807,1804,7,2447,7,2),(2442,807,1804,8,2448,7,3),(2443,808,1805,6,2449,7,1),(2444,808,1805,7,2450,7,2),(2445,808,1805,8,2451,7,3),(2446,809,1806,6,2452,7,1),(2447,809,1806,7,2453,7,2),(2448,809,1806,8,2454,7,3),(2449,810,1807,6,2455,7,1),(2450,810,1807,7,2456,7,2),(2451,810,1807,8,2457,7,3),(2452,811,1808,6,2458,7,1),(2453,811,1808,7,2459,7,2),(2454,811,1808,8,2460,7,3),(2455,812,1809,6,2461,7,1),(2456,812,1809,7,2462,7,2),(2457,812,1809,8,2463,7,3),(2458,813,1810,6,2464,7,1),(2459,813,1810,7,2465,7,2),(2460,813,1810,8,2466,7,3),(2461,814,1811,6,2467,7,1),(2462,814,1811,7,2468,7,2),(2463,814,1811,8,2469,7,3),(2464,815,1812,6,2470,7,1),(2465,815,1812,7,2471,7,2),(2466,815,1812,8,2472,7,3),(2467,816,1813,6,2473,7,1),(2468,816,1813,7,2474,7,2),(2469,816,1813,8,2475,7,3),(2470,817,1814,6,2476,7,1),(2471,817,1814,7,2477,7,2),(2472,817,1814,8,2478,7,3),(2473,818,1815,6,2479,7,1),(2474,818,1815,7,2480,7,2),(2475,818,1815,8,2481,7,3),(2476,819,1816,6,2482,7,1),(2477,819,1816,7,2483,7,2),(2478,819,1816,8,2484,7,3),(2479,820,1817,6,2485,7,1),(2480,820,1817,7,2486,7,2),(2481,820,1817,8,2487,7,3),(2482,821,1818,6,2488,7,1),(2483,821,1818,7,2489,7,2),(2484,821,1818,8,2490,7,3),(2485,822,1819,6,2491,7,1),(2486,822,1819,7,2492,7,2),(2487,822,1819,8,2493,7,3),(2488,823,1820,6,2494,7,1),(2489,823,1820,7,2495,7,2),(2490,823,1820,8,2496,7,3),(2491,824,1821,6,2497,7,1),(2492,824,1821,7,2498,7,2),(2493,824,1821,8,2499,7,3),(2494,825,1822,6,2500,7,1),(2495,825,1822,7,2501,7,2),(2496,825,1822,8,2502,7,3),(2497,826,1823,6,2503,7,1),(2498,826,1823,7,2504,7,2),(2499,826,1823,8,2505,7,3),(2500,827,1824,6,2506,7,1),(2501,827,1824,7,2507,7,2),(2502,827,1824,8,2508,7,3),(2503,828,1825,6,2509,7,1),(2504,828,1825,7,2510,7,2),(2505,828,1825,8,2511,7,3),(2506,829,1826,6,2512,7,1),(2507,829,1826,7,2513,7,2),(2508,829,1826,8,2514,7,3),(2509,830,1827,6,2515,7,1),(2510,830,1827,7,2516,7,2),(2511,830,1827,8,2517,7,3),(2512,831,1828,6,2518,7,1),(2513,831,1828,7,2519,7,2),(2514,831,1828,8,2520,7,3),(2515,832,1829,6,2521,7,1),(2516,832,1829,7,2522,7,2),(2517,832,1829,8,2523,7,3),(2518,833,1830,6,2524,7,1),(2519,833,1830,7,2525,7,2),(2520,833,1830,8,2526,7,3),(2521,834,1831,6,2527,7,1),(2522,834,1831,7,2528,7,2),(2523,834,1831,8,2529,7,3),(2524,835,1832,6,2530,7,1),(2525,835,1832,7,2531,7,2),(2526,835,1832,8,2532,7,3),(2527,836,1833,6,2533,7,1),(2528,836,1833,7,2534,7,2),(2529,836,1833,8,2535,7,3),(2530,837,1834,6,2536,7,1),(2531,837,1834,7,2537,7,2),(2532,837,1834,8,2538,7,3),(2533,838,1835,6,2539,7,1),(2534,838,1835,7,2540,7,2),(2535,838,1835,8,2541,7,3),(2536,839,1836,6,2542,7,1),(2537,839,1836,7,2543,7,2),(2538,839,1836,8,2544,7,3),(2539,840,1837,6,2545,7,1),(2540,840,1837,7,2546,7,2),(2541,840,1837,8,2547,7,3),(2542,841,1838,6,2548,7,1),(2543,841,1838,7,2549,7,2),(2544,841,1838,8,2550,7,3),(2545,842,1839,6,2551,7,1),(2546,842,1839,7,2552,7,2),(2547,842,1839,8,2553,7,3),(2548,843,1840,6,2554,7,1),(2549,843,1840,7,2555,7,2),(2550,843,1840,8,2556,7,3),(2551,844,1841,6,2557,7,1),(2552,844,1841,7,2558,7,2),(2553,844,1841,8,2559,7,3),(2554,845,1842,6,2560,7,1),(2555,845,1842,7,2561,7,2),(2556,845,1842,8,2562,7,3),(2557,846,1843,6,2563,7,1),(2558,846,1843,7,2564,7,2),(2559,846,1843,8,2565,7,3),(2560,847,1844,6,2566,7,1),(2561,847,1844,7,2567,7,2),(2562,847,1844,8,2568,7,3),(2563,848,1845,6,2569,7,1),(2564,848,1845,7,2570,7,2),(2565,848,1845,8,2571,7,3),(2566,849,1846,6,2572,7,1),(2567,849,1846,7,2573,7,2),(2568,849,1846,8,2574,7,3),(2569,850,1847,6,2575,7,1),(2570,850,1847,7,2576,7,2),(2571,850,1847,8,2577,7,3),(2572,851,1848,6,2578,7,1),(2573,851,1848,7,2579,7,2),(2574,851,1848,8,2580,7,3),(2575,852,1849,6,2581,7,1),(2576,852,1849,7,2582,7,2),(2577,852,1849,8,2583,7,3),(2578,853,1850,6,2584,7,1),(2579,853,1850,7,2585,7,2),(2580,853,1850,8,2586,7,3),(2581,854,1851,6,2587,7,1),(2582,854,1851,7,2588,7,2),(2583,854,1851,8,2589,7,3),(2584,855,1852,6,2590,7,1),(2585,855,1852,7,2591,7,2),(2586,855,1852,8,2592,7,3),(2587,856,1853,6,2593,7,1),(2588,856,1853,7,2594,7,2),(2589,856,1853,8,2595,7,3),(2590,857,1854,6,2596,7,1),(2591,857,1854,7,2597,7,2),(2592,857,1854,8,2598,7,3),(2593,858,1855,6,2599,7,1),(2594,858,1855,7,2600,7,2),(2595,858,1855,8,2601,7,3),(2596,859,1856,6,2602,7,1),(2597,859,1856,7,2603,7,2),(2598,859,1856,8,2604,7,3),(2599,860,1857,6,2605,7,1),(2600,860,1857,7,2606,7,2),(2601,860,1857,8,2607,7,3),(2602,861,1858,6,2608,7,1),(2603,861,1858,7,2609,7,2),(2604,861,1858,8,2610,7,3),(2605,862,1859,6,2611,7,1),(2606,862,1859,7,2612,7,2),(2607,862,1859,8,2613,7,3),(2608,863,1860,6,2614,7,1),(2609,863,1860,7,2615,7,2),(2610,863,1860,8,2616,7,3),(2611,864,1861,6,2617,7,1),(2612,864,1861,7,2618,7,2),(2613,864,1861,8,2619,7,3),(2614,865,1862,6,2620,7,1),(2615,865,1862,7,2621,7,2),(2616,865,1862,8,2622,7,3),(2617,866,1863,6,2623,7,1),(2618,866,1863,7,2624,7,2),(2619,866,1863,8,2625,7,3),(2620,867,1864,6,2626,7,1),(2621,867,1864,7,2627,7,2),(2622,867,1864,8,2628,7,3),(2623,868,1865,6,2629,7,1),(2624,868,1865,7,2630,7,2),(2625,868,1865,8,2631,7,3),(2626,869,1866,6,2632,7,1),(2627,869,1866,7,2633,7,2),(2628,869,1866,8,2634,7,3),(2629,870,1867,6,2635,7,1),(2630,870,1867,7,2636,7,2),(2631,870,1867,8,2637,7,3),(2632,871,1868,6,2638,7,1),(2633,871,1868,7,2639,7,2),(2634,871,1868,8,2640,7,3),(2635,872,1869,6,2641,7,1),(2636,872,1869,7,2642,7,2),(2637,872,1869,8,2643,7,3),(2638,873,1870,6,2644,7,1),(2639,873,1870,7,2645,7,2),(2640,873,1870,8,2646,7,3),(2641,874,1871,6,2647,7,1),(2642,874,1871,7,2648,7,2),(2643,874,1871,8,2649,7,3),(2644,875,1872,6,2650,7,1),(2645,875,1872,7,2651,7,2),(2646,875,1872,8,2652,7,3),(2647,876,1873,6,2653,7,1),(2648,876,1873,7,2654,7,2),(2649,876,1873,8,2655,7,3),(2650,877,1874,6,2656,7,1),(2651,877,1874,7,2657,7,2),(2652,877,1874,8,2658,7,3),(2653,878,1875,6,2659,7,1),(2654,878,1875,7,2660,7,2),(2655,878,1875,8,2661,7,3),(2656,879,1876,6,2662,7,1),(2657,879,1876,7,2663,7,2),(2658,879,1876,8,2664,7,3),(2659,880,1877,6,2665,7,1),(2660,880,1877,7,2666,7,2),(2661,880,1877,8,2667,7,3),(2662,881,1878,6,2668,7,1),(2663,881,1878,7,2669,7,2),(2664,881,1878,8,2670,7,3),(2665,882,1879,6,2671,7,1),(2666,882,1879,7,2672,7,2),(2667,882,1879,8,2673,7,3),(2668,883,1880,6,2674,7,1),(2669,883,1880,7,2675,7,2),(2670,883,1880,8,2676,7,3),(2671,884,1881,6,2677,7,1),(2672,884,1881,7,2678,7,2),(2673,884,1881,8,2679,7,3),(2674,885,1882,6,2680,7,1),(2675,885,1882,7,2681,7,2),(2676,885,1882,8,2682,7,3),(2677,886,1883,6,2683,7,1),(2678,886,1883,7,2684,7,2),(2679,886,1883,8,2685,7,3),(2680,887,1884,6,2686,7,1),(2681,887,1884,7,2687,7,2),(2682,887,1884,8,2688,7,3),(2683,888,1885,6,2689,7,1),(2684,888,1885,7,2690,7,2),(2685,888,1885,8,2691,7,3),(2686,889,1886,6,2692,7,1),(2687,889,1886,7,2693,7,2),(2688,889,1886,8,2694,7,3),(2689,890,1887,6,2695,7,1),(2690,890,1887,7,2696,7,2),(2691,890,1887,8,2697,7,3),(2692,891,1888,6,2698,7,1),(2693,891,1888,7,2699,7,2),(2694,891,1888,8,2700,7,3),(2695,892,1889,6,2701,7,1),(2696,892,1889,7,2702,7,2),(2697,892,1889,8,2703,7,3),(2698,893,1890,6,2704,7,1),(2699,893,1890,7,2705,7,2),(2700,893,1890,8,2706,7,3),(2701,894,1891,6,2707,7,1),(2702,894,1891,7,2708,7,2),(2703,894,1891,8,2709,7,3),(2704,895,1892,6,2710,7,1),(2705,895,1892,7,2711,7,2),(2706,895,1892,8,2712,7,3),(2707,896,1893,6,2713,7,1),(2708,896,1893,7,2714,7,2),(2709,896,1893,8,2715,7,3),(2710,897,1894,6,2716,7,1),(2711,897,1894,7,2717,7,2),(2712,897,1894,8,2718,7,3),(2713,898,1895,6,2719,7,1),(2714,898,1895,7,2720,7,2),(2715,898,1895,8,2721,7,3),(2716,899,1896,6,2722,7,1),(2717,899,1896,7,2723,7,2),(2718,899,1896,8,2724,7,3),(2719,900,1897,6,2725,7,1),(2720,900,1897,7,2726,7,2),(2721,900,1897,8,2727,7,3),(2722,901,1898,6,2728,7,1),(2723,901,1898,7,2729,7,2),(2724,901,1898,8,2730,7,3),(2725,902,1899,6,2731,7,1),(2726,902,1899,7,2732,7,2),(2727,902,1899,8,2733,7,3),(2728,903,1900,6,2734,7,1),(2729,903,1900,7,2735,7,2),(2730,903,1900,8,2736,7,3),(2731,904,1901,6,2737,7,1),(2732,904,1901,7,2738,7,2),(2733,904,1901,8,2739,7,3),(2734,905,1902,6,2740,7,1),(2735,905,1902,7,2741,7,2),(2736,905,1902,8,2742,7,3),(2737,906,1903,6,2743,7,1),(2738,906,1903,7,2744,7,2),(2739,906,1903,8,2745,7,3),(2740,907,1904,6,2746,7,1),(2741,907,1904,7,2747,7,2),(2742,907,1904,8,2748,7,3),(2743,908,1905,6,2749,7,1),(2744,908,1905,7,2750,7,2),(2745,908,1905,8,2751,7,3),(2746,909,1906,6,2752,7,1),(2747,909,1906,7,2753,7,2),(2748,909,1906,8,2754,7,3),(2749,910,1907,6,2755,7,1),(2750,910,1907,7,2756,7,2),(2751,910,1907,8,2757,7,3),(2752,911,1908,6,2758,7,1),(2753,911,1908,7,2759,7,2),(2754,911,1908,8,2760,7,3),(2755,912,1909,6,2761,7,1),(2756,912,1909,7,2762,7,2),(2757,912,1909,8,2763,7,3),(2758,913,1910,6,2764,7,1),(2759,913,1910,7,2765,7,2),(2760,913,1910,8,2766,7,3),(2761,914,1911,6,2767,7,1),(2762,914,1911,7,2768,7,2),(2763,914,1911,8,2769,7,3),(2764,915,1912,6,2770,7,1),(2765,915,1912,7,2771,7,2),(2766,915,1912,8,2772,7,3),(2767,916,1913,6,2773,7,1),(2768,916,1913,7,2774,7,2),(2769,916,1913,8,2775,7,3),(2770,917,1914,6,2776,7,1),(2771,917,1914,7,2777,7,2),(2772,917,1914,8,2778,7,3),(2773,918,1915,6,2779,7,1),(2774,918,1915,7,2780,7,2),(2775,918,1915,8,2781,7,3),(2776,919,1916,6,2782,7,1),(2777,919,1916,7,2783,7,2),(2778,919,1916,8,2784,7,3),(2779,920,1917,6,2785,7,1),(2780,920,1917,7,2786,7,2),(2781,920,1917,8,2787,7,3),(2782,921,1918,6,2788,7,1),(2783,921,1918,7,2789,7,2),(2784,921,1918,8,2790,7,3),(2785,922,1919,6,2791,7,1),(2786,922,1919,7,2792,7,2),(2787,922,1919,8,2793,7,3),(2788,923,1920,6,2794,7,1),(2789,923,1920,7,2795,7,2),(2790,923,1920,8,2796,7,3),(2791,924,1921,6,2797,7,1),(2792,924,1921,7,2798,7,2),(2793,924,1921,8,2799,7,3),(2794,925,1922,6,2800,7,1),(2795,925,1922,7,2801,7,2),(2796,925,1922,8,2802,7,3),(2797,926,1923,6,2803,7,1),(2798,926,1923,7,2804,7,2),(2799,926,1923,8,2805,7,3),(2800,927,1924,6,2806,7,1),(2801,927,1924,7,2807,7,2),(2802,927,1924,8,2808,7,3),(2803,928,1925,6,2809,7,1),(2804,928,1925,7,2810,7,2),(2805,928,1925,8,2811,7,3),(2806,929,1926,6,2812,7,1),(2807,929,1926,7,2813,7,2),(2808,929,1926,8,2814,7,3),(2809,930,1927,6,2815,7,1),(2810,930,1927,7,2816,7,2),(2811,930,1927,8,2817,7,3),(2812,931,1928,6,2818,7,1),(2813,931,1928,7,2819,7,2),(2814,931,1928,8,2820,7,3),(2815,932,1929,6,2821,7,1),(2816,932,1929,7,2822,7,2),(2817,932,1929,8,2823,7,3),(2818,933,1930,6,2824,7,1),(2819,933,1930,7,2825,7,2),(2820,933,1930,8,2826,7,3),(2821,934,1931,6,2827,7,1),(2822,934,1931,7,2828,7,2),(2823,934,1931,8,2829,7,3),(2824,935,1932,6,2830,7,1),(2825,935,1932,7,2831,7,2),(2826,935,1932,8,2832,7,3),(2827,936,1933,6,2833,7,1),(2828,936,1933,7,2834,7,2),(2829,936,1933,8,2835,7,3),(2830,937,1934,6,2836,7,1),(2831,937,1934,7,2837,7,2),(2832,937,1934,8,2838,7,3),(2833,938,1935,6,2839,7,1),(2834,938,1935,7,2840,7,2),(2835,938,1935,8,2841,7,3),(2836,939,1936,6,2842,7,1),(2837,939,1936,7,2843,7,2),(2838,939,1936,8,2844,7,3),(2839,940,1937,6,2845,7,1),(2840,940,1937,7,2846,7,2),(2841,940,1937,8,2847,7,3),(2842,941,1938,6,2848,7,1),(2843,941,1938,7,2849,7,2),(2844,941,1938,8,2850,7,3),(2845,942,1939,6,2851,7,1),(2846,942,1939,7,2852,7,2),(2847,942,1939,8,2853,7,3),(2848,943,1940,6,2854,7,1),(2849,943,1940,7,2855,7,2),(2850,943,1940,8,2856,7,3),(2851,944,1941,6,2857,7,1),(2852,944,1941,7,2858,7,2),(2853,944,1941,8,2859,7,3),(2854,945,1942,6,2860,7,1),(2855,945,1942,7,2861,7,2),(2856,945,1942,8,2862,7,3),(2857,946,1943,6,2863,7,1),(2858,946,1943,7,2864,7,2),(2859,946,1943,8,2865,7,3),(2860,947,1944,6,2866,7,1),(2861,947,1944,7,2867,7,2),(2862,947,1944,8,2868,7,3),(2863,948,1945,6,2869,7,1),(2864,948,1945,7,2870,7,2),(2865,948,1945,8,2871,7,3),(2866,949,1946,6,2872,7,1),(2867,949,1946,7,2873,7,2),(2868,949,1946,8,2874,7,3),(2869,950,1947,6,2875,7,1),(2870,950,1947,7,2876,7,2),(2871,950,1947,8,2877,7,3),(2872,951,1948,6,2878,7,1),(2873,951,1948,7,2879,7,2),(2874,951,1948,8,2880,7,3),(2875,952,1949,6,2881,7,1),(2876,952,1949,7,2882,7,2),(2877,952,1949,8,2883,7,3),(2878,953,1950,6,2884,7,1),(2879,953,1950,7,2885,7,2),(2880,953,1950,8,2886,7,3),(2881,954,1951,6,2887,7,1),(2882,954,1951,7,2888,7,2),(2883,954,1951,8,2889,7,3),(2884,955,1952,6,2890,7,1),(2885,955,1952,7,2891,7,2),(2886,955,1952,8,2892,7,3),(2887,956,1953,6,2893,7,1),(2888,956,1953,7,2894,7,2),(2889,956,1953,8,2895,7,3),(2890,957,1954,6,2896,7,1),(2891,957,1954,7,2897,7,2),(2892,957,1954,8,2898,7,3),(2893,958,1955,6,2899,7,1),(2894,958,1955,7,2900,7,2),(2895,958,1955,8,2901,7,3),(2896,959,1956,6,2902,7,1),(2897,959,1956,7,2903,7,2),(2898,959,1956,8,2904,7,3),(2899,960,1957,6,2905,7,1),(2900,960,1957,7,2906,7,2),(2901,960,1957,8,2907,7,3),(2902,961,1958,6,2908,7,1),(2903,961,1958,7,2909,7,2),(2904,961,1958,8,2910,7,3),(2905,962,1959,6,2911,7,1),(2906,962,1959,7,2912,7,2),(2907,962,1959,8,2913,7,3),(2908,963,1960,6,2914,7,1),(2909,963,1960,7,2915,7,2),(2910,963,1960,8,2916,7,3),(2911,964,1961,6,2917,7,1),(2912,964,1961,7,2918,7,2),(2913,964,1961,8,2919,7,3),(2914,965,1962,6,2920,7,1),(2915,965,1962,7,2921,7,2),(2916,965,1962,8,2922,7,3),(2917,966,1963,6,2923,7,1),(2918,966,1963,7,2924,7,2),(2919,966,1963,8,2925,7,3),(2920,967,1964,6,2926,7,1),(2921,967,1964,7,2927,7,2),(2922,967,1964,8,2928,7,3),(2923,968,1965,6,2929,7,1),(2924,968,1965,7,2930,7,2),(2925,968,1965,8,2931,7,3),(2926,969,1966,6,2932,7,1),(2927,969,1966,7,2933,7,2),(2928,969,1966,8,2934,7,3),(2929,970,1967,6,2935,7,1),(2930,970,1967,7,2936,7,2),(2931,970,1967,8,2937,7,3),(2932,971,1968,6,2938,7,1),(2933,971,1968,7,2939,7,2),(2934,971,1968,8,2940,7,3),(2935,972,1969,6,2941,7,1),(2936,972,1969,7,2942,7,2),(2937,972,1969,8,2943,7,3),(2938,973,1970,6,2944,7,1),(2939,973,1970,7,2945,7,2),(2940,973,1970,8,2946,7,3),(2941,974,1971,6,2947,7,1),(2942,974,1971,7,2948,7,2),(2943,974,1971,8,2949,7,3),(2944,975,1972,6,2950,7,1),(2945,975,1972,7,2951,7,2),(2946,975,1972,8,2952,7,3),(2947,976,1973,6,2953,7,1),(2948,976,1973,7,2954,7,2),(2949,976,1973,8,2955,7,3),(2950,977,1974,6,2956,7,1),(2951,977,1974,7,2957,7,2),(2952,977,1974,8,2958,7,3),(2953,978,1975,6,2959,7,1),(2954,978,1975,7,2960,7,2),(2955,978,1975,8,2961,7,3),(2956,979,1976,6,2962,7,1),(2957,979,1976,7,2963,7,2),(2958,979,1976,8,2964,7,3),(2959,980,1977,6,2965,7,1),(2960,980,1977,7,2966,7,2),(2961,980,1977,8,2967,7,3),(2962,981,1978,6,2968,7,1),(2963,981,1978,7,2969,7,2),(2964,981,1978,8,2970,7,3),(2965,982,1979,6,2971,7,1),(2966,982,1979,7,2972,7,2),(2967,982,1979,8,2973,7,3),(2968,983,1980,6,2974,7,1),(2969,983,1980,7,2975,7,2),(2970,983,1980,8,2976,7,3),(2971,984,1981,6,2977,7,1),(2972,984,1981,7,2978,7,2),(2973,984,1981,8,2979,7,3),(2974,985,1982,6,2980,7,1),(2975,985,1982,7,2981,7,2),(2976,985,1982,8,2982,7,3),(2977,986,1983,6,2983,7,1),(2978,986,1983,7,2984,7,2),(2979,986,1983,8,2985,7,3),(2980,987,1984,6,2986,7,1),(2981,987,1984,7,2987,7,2),(2982,987,1984,8,2988,7,3),(2983,988,1985,6,2989,7,1),(2984,988,1985,7,2990,7,2),(2985,988,1985,8,2991,7,3),(2986,989,1986,6,2992,7,1),(2987,989,1986,7,2993,7,2),(2988,989,1986,8,2994,7,3),(2989,990,1987,6,2995,7,1),(2990,990,1987,7,2996,7,2),(2991,990,1987,8,2997,7,3),(2992,991,1988,6,2998,7,1),(2993,991,1988,7,2999,7,2),(2994,991,1988,8,3000,7,3),(2995,992,1989,6,3001,7,1),(2996,992,1989,7,3002,7,2),(2997,992,1989,8,3003,7,3),(2998,993,1990,6,3004,7,1),(2999,993,1990,7,3005,7,2),(3000,993,1990,8,3006,7,3),(3001,994,1991,6,3007,7,1),(3002,994,1991,7,3008,7,2),(3003,994,1991,8,3009,7,3),(3004,995,1992,6,3010,7,1),(3005,995,1992,7,3011,7,2),(3006,995,1992,8,3012,7,3),(3007,996,1993,6,3013,7,1),(3008,996,1993,7,3014,7,2),(3009,996,1993,8,3015,7,3),(3010,997,1994,6,3016,7,1),(3011,997,1994,7,3017,7,2),(3012,997,1994,8,3018,7,3),(3013,998,1995,6,3019,7,1),(3014,998,1995,7,3020,7,2),(3015,998,1995,8,3021,7,3),(3016,999,1996,6,3022,7,1),(3017,999,1996,7,3023,7,2),(3018,999,1996,8,3024,7,3),(3019,1000,1997,6,3025,7,1),(3020,1000,1997,7,3026,7,2),(3021,1000,1997,8,3027,7,3),(3022,1001,1998,6,3028,7,1),(3023,1001,1998,7,3029,7,2),(3024,1001,1998,8,3030,7,3),(3025,1002,1999,6,3031,7,1),(3026,1002,1999,7,3032,7,2),(3027,1002,1999,8,3033,7,3);
/*!40000 ALTER TABLE `student_has_course` ENABLE KEYS */;
UNLOCK TABLES;

--
-- Table structure for table `student_has_course_has_submission`
--

DROP TABLE IF EXISTS `student_has_course_has_submission`;
/*!40101 SET @saved_cs_client     = @@character_set_client */;
/*!40101 SET character_set_client = utf8 */;
CREATE TABLE `student_has_course_has_submission` (
  `student_has_course_student_has_courseId` int(11) NOT NULL,
  `student_has_course_student_idstudent` int(11) NOT NULL,
  `student_has_course_student_user_id` int(11) NOT NULL,
  `student_has_course_course_courseId` int(11) NOT NULL,
  `submission_submissionId` int(11) NOT NULL,
  `semester_semesterId` int(11) NOT NULL,
  `isHandled` tinyint(4) DEFAULT '0',
  `grade` tinyint(4) DEFAULT '0',
  `isLate` tinyint(4) DEFAULT '0',
  `submission_responseId` int(11) DEFAULT NULL,
  `teacherComment` varchar(256) DEFAULT NULL,
  `assignmentId` int(11) DEFAULT NULL,
  PRIMARY KEY (`student_has_course_student_has_courseId`,`student_has_course_student_idstudent`,`student_has_course_student_user_id`,`student_has_course_course_courseId`,`submission_submissionId`),
  KEY `fk_student_has_course_has_submission_submission1_idx` (`submission_submissionId`),
  KEY `fk_student_has_course_has_submission_student_has_course1_idx` (`student_has_course_student_has_courseId`,`student_has_course_student_idstudent`,`student_has_course_student_user_id`,`student_has_course_course_courseId`),
  KEY `fk_student_has_course_has_submission_semester1_idx` (`semester_semesterId`),
  KEY `fk_submission_responseId_submission1_idx` (`submission_responseId`),
  CONSTRAINT `fk_student_has_course_has_submission_semester1` FOREIGN KEY (`semester_semesterId`) REFERENCES `semester` (`semesterId`) ON DELETE NO ACTION ON UPDATE NO ACTION,
  CONSTRAINT `fk_student_has_course_has_submission_student_has_course1` FOREIGN KEY (`student_has_course_student_has_courseId`, `student_has_course_student_idstudent`, `student_has_course_student_user_id`, `student_has_course_course_courseId`) REFERENCES `student_has_course` (`student_has_courseId`, `student_idstudent`, `student_user_id`, `course_courseId`) ON DELETE NO ACTION ON UPDATE NO ACTION,
  CONSTRAINT `fk_student_has_course_has_submission_submission1` FOREIGN KEY (`submission_submissionId`) REFERENCES `submission` (`submissionId`) ON DELETE NO ACTION ON UPDATE NO ACTION,
  CONSTRAINT `fk_submission_responseId_submission1` FOREIGN KEY (`submission_responseId`) REFERENCES `submission` (`submissionId`) ON DELETE NO ACTION ON UPDATE NO ACTION
) ENGINE=InnoDB DEFAULT CHARSET=utf8;
/*!40101 SET character_set_client = @saved_cs_client */;

--
-- Dumping data for table `student_has_course_has_submission`
--

LOCK TABLES `student_has_course_has_submission` WRITE;
/*!40000 ALTER TABLE `student_has_course_has_submission` DISABLE KEYS */;
/*!40000 ALTER TABLE `student_has_course_has_submission` ENABLE KEYS */;
UNLOCK TABLES;

--
-- Table structure for table `submission`
--

DROP TABLE IF EXISTS `submission`;
/*!40101 SET @saved_cs_client     = @@character_set_client */;
/*!40101 SET character_set_client = utf8 */;
CREATE TABLE `submission` (
  `submissionId` int(11) NOT NULL AUTO_INCREMENT,
  `date` date DEFAULT NULL,
  `file` mediumblob,
  `fileName` varchar(45) DEFAULT NULL,
  `assignment_assignmentId` int(11) NOT NULL,
  PRIMARY KEY (`submissionId`),
  KEY `fk_submission_assignment1_idx` (`assignment_assignmentId`),
  CONSTRAINT `fk_submission_assignment1` FOREIGN KEY (`assignment_assignmentId`) REFERENCES `assignment` (`assignmentId`) ON DELETE NO ACTION ON UPDATE NO ACTION
) ENGINE=InnoDB AUTO_INCREMENT=27 DEFAULT CHARSET=utf8;
/*!40101 SET character_set_client = @saved_cs_client */;

--
-- Dumping data for table `submission`
--

LOCK TABLES `submission` WRITE;
/*!40000 ALTER TABLE `submission` DISABLE KEYS */;
/*!40000 ALTER TABLE `submission` ENABLE KEYS */;
UNLOCK TABLES;

--
-- Table structure for table `teacher`
--

DROP TABLE IF EXISTS `teacher`;
/*!40101 SET @saved_cs_client     = @@character_set_client */;
/*!40101 SET character_set_client = utf8 */;
CREATE TABLE `teacher` (
  `teacherId` int(11) NOT NULL AUTO_INCREMENT,
  `maxHours` int(11) DEFAULT NULL,
  `user_id` int(11) NOT NULL,
  `teachingUnit_teachingUnitId` int(11) NOT NULL,
  `freeHours` int(11) DEFAULT '0',
  PRIMARY KEY (`teacherId`,`user_id`),
  UNIQUE KEY `teacherId_UNIQUE` (`teacherId`),
  KEY `fk_teacher_user_idx` (`user_id`),
  KEY `fk_teacher_teachingUnit1_idx` (`teachingUnit_teachingUnitId`),
  CONSTRAINT `fk_teacher_teachingUnit1` FOREIGN KEY (`teachingUnit_teachingUnitId`) REFERENCES `teachingunit` (`teachingUnitId`) ON DELETE NO ACTION ON UPDATE NO ACTION,
  CONSTRAINT `fk_teacher_user` FOREIGN KEY (`user_id`) REFERENCES `user` (`id`) ON DELETE NO ACTION ON UPDATE NO ACTION
) ENGINE=InnoDB AUTO_INCREMENT=14 DEFAULT CHARSET=utf8;
/*!40101 SET character_set_client = @saved_cs_client */;

--
-- Dumping data for table `teacher`
--

LOCK TABLES `teacher` WRITE;
/*!40000 ALTER TABLE `teacher` DISABLE KEYS */;
INSERT INTO `teacher` VALUES (1,20,123,1,20),(2,20,128,1,20),(3,200,130,2,180),(4,200,2000,2,140),(5,200,2001,2,140),(6,200,2002,2,110),(7,200,2003,2,200),(8,200,2004,2,200),(9,200,2005,2,200),(10,200,2006,2,200),(11,200,2007,2,200),(12,200,2008,2,200),(13,200,2009,2,200);
/*!40000 ALTER TABLE `teacher` ENABLE KEYS */;
UNLOCK TABLES;

--
-- Table structure for table `teachingunit`
--

DROP TABLE IF EXISTS `teachingunit`;
/*!40101 SET @saved_cs_client     = @@character_set_client */;
/*!40101 SET character_set_client = utf8 */;
CREATE TABLE `teachingunit` (
  `teachingUnitId` int(11) NOT NULL AUTO_INCREMENT,
  `name` varchar(45) NOT NULL,
  PRIMARY KEY (`teachingUnitId`),
  UNIQUE KEY `teachingUnitId_UNIQUE` (`teachingUnitId`)
) ENGINE=InnoDB AUTO_INCREMENT=3 DEFAULT CHARSET=utf8;
/*!40101 SET character_set_client = @saved_cs_client */;

--
-- Dumping data for table `teachingunit`
--

LOCK TABLES `teachingunit` WRITE;
/*!40000 ALTER TABLE `teachingunit` DISABLE KEYS */;
INSERT INTO `teachingunit` VALUES (1,'Mathematics'),(2,'Physics');
/*!40000 ALTER TABLE `teachingunit` ENABLE KEYS */;
UNLOCK TABLES;

--
-- Table structure for table `user`
--

DROP TABLE IF EXISTS `user`;
/*!40101 SET @saved_cs_client     = @@character_set_client */;
/*!40101 SET character_set_client = utf8 */;
CREATE TABLE `user` (
  `id` int(11) NOT NULL,
  `firstName` varchar(45) DEFAULT NULL,
  `lastName` varchar(45) DEFAULT NULL,
  `password` varchar(45) NOT NULL,
  `isLocked` tinyint(4) DEFAULT '0',
  `userType` int(11) DEFAULT NULL,
  `isLogged` int(11) DEFAULT '0',
  PRIMARY KEY (`id`),
  UNIQUE KEY `id_UNIQUE` (`id`)
) ENGINE=InnoDB DEFAULT CHARSET=utf8;
/*!40101 SET character_set_client = @saved_cs_client */;

--
-- Dumping data for table `user`
--

LOCK TABLES `user` WRITE;
/*!40000 ALTER TABLE `user` DISABLE KEYS */;
INSERT INTO `user` VALUES (123,'yakov','faitsvaig','321',0,1,0),(124,'irit','yatskevich','421',0,2,0),(125,'tal','chen','521',0,3,0),(126,'sapir','sapir','621',0,4,0),(127,'tom','tim','721',0,5,0),(128,'yosi','cohen','821',0,1,0),(129,'kobi','shukrun','921',0,2,0),(130,'kuku','kuku','130',0,1,0),(131,'asd','dsa','131',0,6,0),(132,'asda','asdasd','123',0,4,0),(133,'asdasd','sdsddasd','133',0,4,0),(1000,'3feb3d7712a10f73','3feb3d7712a10f73','1000',0,2,0),(1001,'3fca5119648194c8','3fca5119648194c8','1001',0,2,0),(1002,'3fd1684e36d782b8','3fd1684e36d782b8','1002',0,2,0),(1003,'3fd7677217c46cde','3fd7677217c46cde','1003',0,2,0),(1004,'3fd287141f53752c','3fd287141f53752c','1004',0,2,0),(1005,'3fd5770762de0458','3fd5770762de0458','1005',0,2,0),(1006,'3fc7290c4534e938','3fc7290c4534e938','1006',0,2,0),(1007,'3feeef8e6a340bd4','3feeef8e6a340bd4','1007',0,2,0),(1008,'3f58bf3d112fee00','3f58bf3d112fee00','1008',0,2,0),(1009,'3fef99b0264a31e6','3fef99b0264a31e6','1009',0,2,0),(1010,'3fe2304597ec5ca1','3fe2304597ec5ca1','1010',0,2,0),(1011,'3fa072464f766aa0','3fa072464f766aa0','1011',0,2,0),(1012,'3fd07b32da899c2a','3fd07b32da899c2a','1012',0,2,0),(1013,'3feafe8ab9e80c0a','3feafe8ab9e80c0a','1013',0,2,0),(1014,'3fd8da530d05edce','3fd8da530d05edce','1014',0,2,0),(1015,'3fd058c47180054c','3fd058c47180054c','1015',0,2,0),(1016,'3f8ad5a117b22840','3f8ad5a117b22840','1016',0,2,0),(1017,'3fe4e09bed5c1e50','3fe4e09bed5c1e50','1017',0,2,0),(1018,'3fd17eac4c114e2c','3fd17eac4c114e2c','1018',0,2,0),(1019,'3fc9dc177106d020','3fc9dc177106d020','1019',0,2,0),(1020,'3fe1c1179f827e0a','3fe1c1179f827e0a','1020',0,2,0),(1021,'3fe78dfa79ed179b','3fe78dfa79ed179b','1021',0,2,0),(1022,'3fd59af0370ae8a2','3fd59af0370ae8a2','1022',0,2,0),(1023,'3fe9eae5a7b32102','3fe9eae5a7b32102','1023',0,2,0),(1024,'3fde49baab86c2f2','3fde49baab86c2f2','1024',0,2,0),(1025,'3fb216d2d4f99d18','3fb216d2d4f99d18','1025',0,2,0),(1026,'3fc3ecd49e3174a4','3fc3ecd49e3174a4','1026',0,2,0),(1027,'3fe3369c2120c398','3fe3369c2120c398','1027',0,2,0),(1028,'3fea21c09b3b1157','3fea21c09b3b1157','1028',0,2,0),(1029,'3fe55525529af713','3fe55525529af713','1029',0,2,0),(1030,'3fe842f8f737ea64','3fe842f8f737ea64','1030',0,2,0),(1031,'3fc837786d031020','3fc837786d031020','1031',0,2,0),(1032,'3fda9e89d3eba4ac','3fda9e89d3eba4ac','1032',0,2,0),(1033,'3fedcc5de479cc33','3fedcc5de479cc33','1033',0,2,0),(1034,'3fe25e1ce634d63d','3fe25e1ce634d63d','1034',0,2,0),(1035,'3fe72aba17da3baa','3fe72aba17da3baa','1035',0,2,0),(1036,'3fe552a4b469e6ed','3fe552a4b469e6ed','1036',0,2,0),(1037,'3fae50c282410070','3fae50c282410070','1037',0,2,0),(1038,'3fefeca908d8d82b','3fefeca908d8d82b','1038',0,2,0),(1039,'3fea290258947059','3fea290258947059','1039',0,2,0),(1040,'3fdffeaf1091a6c8','3fdffeaf1091a6c8','1040',0,2,0),(1041,'3fd14de9119c3fee','3fd14de9119c3fee','1041',0,2,0),(1042,'3fe535ef98f5a524','3fe535ef98f5a524','1042',0,2,0),(1043,'3fd92e41620930a4','3fd92e41620930a4','1043',0,2,0),(1044,'3fec84129d4b9e51','3fec84129d4b9e51','1044',0,2,0),(1045,'3fec5d58a2c3f7ee','3fec5d58a2c3f7ee','1045',0,2,0),(1046,'3fe20342380a3462','3fe20342380a3462','1046',0,2,0),(1047,'3fe3bf943312b69a','3fe3bf943312b69a','1047',0,2,0),(1048,'3feff982e0ad1da1','3feff982e0ad1da1','1048',0,2,0),(1049,'3fea6881f914f106','3fea6881f914f106','1049',0,2,0),(1050,'3febfe015da658a4','3febfe015da658a4','1050',0,2,0),(1051,'3fe7d65923501fe3','3fe7d65923501fe3','1051',0,2,0),(1052,'3fef10018b576018','3fef10018b576018','1052',0,2,0),(1053,'3fb43eb7ee998510','3fb43eb7ee998510','1053',0,2,0),(1054,'3fe6e2456146bdf7','3fe6e2456146bdf7','1054',0,2,0),(1055,'3fd2baf56b386fe0','3fd2baf56b386fe0','1055',0,2,0),(1056,'3fe001821e5b435a','3fe001821e5b435a','1056',0,2,0),(1057,'3fc18ee671f1606c','3fc18ee671f1606c','1057',0,2,0),(1058,'3fb5fb115d0adfb0','3fb5fb115d0adfb0','1058',0,2,0),(1059,'3fd9781d96ebeeec','3fd9781d96ebeeec','1059',0,2,0),(1060,'3fdea9f5fe368cd6','3fdea9f5fe368cd6','1060',0,2,0),(1061,'3fbe3381aa1826f0','3fbe3381aa1826f0','1061',0,2,0),(1062,'3fee6784344c6c8c','3fee6784344c6c8c','1062',0,2,0),(1063,'3fe42adbf49aca83','3fe42adbf49aca83','1063',0,2,0),(1064,'3fdcd10f45495164','3fdcd10f45495164','1064',0,2,0),(1065,'3fe29b586152b112','3fe29b586152b112','1065',0,2,0),(1066,'3fe717a7fddbf741','3fe717a7fddbf741','1066',0,2,0),(1067,'3fe941e910155762','3fe941e910155762','1067',0,2,0),(1068,'3fc07e13b80f960c','3fc07e13b80f960c','1068',0,2,0),(1069,'3fe373a3cbc984be','3fe373a3cbc984be','1069',0,2,0),(1070,'3fdc9256980801e6','3fdc9256980801e6','1070',0,2,0),(1071,'3fdb346e9f417bf8','3fdb346e9f417bf8','1071',0,2,0),(1072,'3fee79e76ff39c1b','3fee79e76ff39c1b','1072',0,2,0),(1073,'3fe7f7def905a76a','3fe7f7def905a76a','1073',0,2,0),(1074,'3fe3863894ff7022','3fe3863894ff7022','1074',0,2,0),(1075,'3fed1ee5b146dfc2','3fed1ee5b146dfc2','1075',0,2,0),(1076,'3fde84177e2de858','3fde84177e2de858','1076',0,2,0),(1077,'3fec55821605a243','3fec55821605a243','1077',0,2,0),(1078,'3fea024c296db5b0','3fea024c296db5b0','1078',0,2,0),(1079,'3fecd0ff33624009','3fecd0ff33624009','1079',0,2,0),(1080,'3fdccc818e051db6','3fdccc818e051db6','1080',0,2,0),(1081,'3feb5fcbbbfd62c3','3feb5fcbbbfd62c3','1081',0,2,0),(1082,'3fe0a013b40b4a27','3fe0a013b40b4a27','1082',0,2,0),(1083,'3fede93265ae0cf3','3fede93265ae0cf3','1083',0,2,0),(1084,'3fe1fb4c25a91445','3fe1fb4c25a91445','1084',0,2,0),(1085,'3feec325e0e36dce','3feec325e0e36dce','1085',0,2,0),(1086,'3fe6f5e74d1b0f7a','3fe6f5e74d1b0f7a','1086',0,2,0),(1087,'3fe76ab346d0e0d5','3fe76ab346d0e0d5','1087',0,2,0),(1088,'3fc934a18949b61c','3fc934a18949b61c','1088',0,2,0),(1089,'3fba92a4e4de9af0','3fba92a4e4de9af0','1089',0,2,0),(1090,'3fe2ca1d0408a74e','3fe2ca1d0408a74e','1090',0,2,0),(1091,'3fdec50e31a1982a','3fdec50e31a1982a','1091',0,2,0),(1092,'3fefcb3d5716bb3e','3fefcb3d5716bb3e','1092',0,2,0),(1093,'3fd6395da710e544','3fd6395da710e544','1093',0,2,0),(1094,'3fcda1d812f736e4','3fcda1d812f736e4','1094',0,2,0),(1095,'3fa367a482137920','3fa367a482137920','1095',0,2,0),(1096,'3fe505526de8188a','3fe505526de8188a','1096',0,2,0),(1097,'3fc69284eaa07a84','3fc69284eaa07a84','1097',0,2,0),(1098,'3fb8cf302ab64450','3fb8cf302ab64450','1098',0,2,0),(1099,'3fdf1e0000fa5f0e','3fdf1e0000fa5f0e','1099',0,2,0),(1100,'3fd0acf5d5107530','3fd0acf5d5107530','1100',0,2,0),(1101,'3fe235bb0f103364','3fe235bb0f103364','1101',0,2,0),(1102,'3feeeff48453fb08','3feeeff48453fb08','1102',0,2,0),(1103,'3fee8f3c3082a6f0','3fee8f3c3082a6f0','1103',0,2,0),(1104,'3fcd0cf18d63f27c','3fcd0cf18d63f27c','1104',0,2,0),(1105,'3fd20309c4dc5724','3fd20309c4dc5724','1105',0,2,0),(1106,'3fd3f9f05e315c7a','3fd3f9f05e315c7a','1106',0,2,0),(1107,'3fee36775105436d','3fee36775105436d','1107',0,2,0),(1108,'3fd1f05db791d0d0','3fd1f05db791d0d0','1108',0,2,0),(1109,'3fdaa4c2e0c18d36','3fdaa4c2e0c18d36','1109',0,2,0),(1110,'3fd5f4d808f23b68','3fd5f4d808f23b68','1110',0,2,0),(1111,'3fe4ee3c1f5141a4','3fe4ee3c1f5141a4','1111',0,2,0),(1112,'3fedbe573c2ecb51','3fedbe573c2ecb51','1112',0,2,0),(1113,'3fdb977109b49eb0','3fdb977109b49eb0','1113',0,2,0),(1114,'3fd48d3dae97b17e','3fd48d3dae97b17e','1114',0,2,0),(1115,'3fef705f7219022b','3fef705f7219022b','1115',0,2,0),(1116,'3fdd44f72872cfa6','3fdd44f72872cfa6','1116',0,2,0),(1117,'3fcd5aae497e4cc4','3fcd5aae497e4cc4','1117',0,2,0),(1118,'3fe20afc8164883b','3fe20afc8164883b','1118',0,2,0),(1119,'3fed58323f89cee4','3fed58323f89cee4','1119',0,2,0),(1120,'3feef4b156aa5382','3feef4b156aa5382','1120',0,2,0),(1121,'3fec0294c7d919bf','3fec0294c7d919bf','1121',0,2,0),(1122,'3fba218a008146a8','3fba218a008146a8','1122',0,2,0),(1123,'3f9b43a000cd1d00','3f9b43a000cd1d00','1123',0,2,0),(1124,'3fe8ad65d6e51192','3fe8ad65d6e51192','1124',0,2,0),(1125,'3fe8c88f90ce2cf2','3fe8c88f90ce2cf2','1125',0,2,0),(1126,'3fc1359c00732734','3fc1359c00732734','1126',0,2,0),(1127,'3fe444e5fc47eee7','3fe444e5fc47eee7','1127',0,2,0),(1128,'3fd25a40c5daf3c0','3fd25a40c5daf3c0','1128',0,2,0),(1129,'3febc94bd04341b2','3febc94bd04341b2','1129',0,2,0),(1130,'3fd0efb94151c072','3fd0efb94151c072','1130',0,2,0),(1131,'3fa17e0bf27ac0d0','3fa17e0bf27ac0d0','1131',0,2,0),(1132,'3fe5343ed6c27c6f','3fe5343ed6c27c6f','1132',0,2,0),(1133,'3fe0446a4e175109','3fe0446a4e175109','1133',0,2,0),(1134,'3f700bb0b41f6680','3f700bb0b41f6680','1134',0,2,0),(1135,'3feaa147f3165f66','3feaa147f3165f66','1135',0,2,0),(1136,'3fe157eb98945170','3fe157eb98945170','1136',0,2,0),(1137,'3fc8c28e8276c700','3fc8c28e8276c700','1137',0,2,0),(1138,'3fc667b82afb0860','3fc667b82afb0860','1138',0,2,0),(1139,'3fa400179478bc40','3fa400179478bc40','1139',0,2,0),(1140,'3fe7a18e302725c6','3fe7a18e302725c6','1140',0,2,0),(1141,'3fd207f260a80510','3fd207f260a80510','1141',0,2,0),(1142,'3fe534ae5c02c150','3fe534ae5c02c150','1142',0,2,0),(1143,'3fbc605ea6cb00f8','3fbc605ea6cb00f8','1143',0,2,0),(1144,'3fbb6fac362aa038','3fbb6fac362aa038','1144',0,2,0),(1145,'3fbf197e4fada4c8','3fbf197e4fada4c8','1145',0,2,0),(1146,'3fdb0138ccd6a71c','3fdb0138ccd6a71c','1146',0,2,0),(1147,'3fdfa1ac9d8790f6','3fdfa1ac9d8790f6','1147',0,2,0),(1148,'3fe2097bf8763a04','3fe2097bf8763a04','1148',0,2,0),(1149,'3fe917d47bd0c6de','3fe917d47bd0c6de','1149',0,2,0),(1150,'3fe8e70ba9a0799b','3fe8e70ba9a0799b','1150',0,2,0),(1151,'3fe26cc2801b374e','3fe26cc2801b374e','1151',0,2,0),(1152,'3f9dccc358175960','3f9dccc358175960','1152',0,2,0),(1153,'3fe7540b7e214190','3fe7540b7e214190','1153',0,2,0),(1154,'3fea8e52a1953c2c','3fea8e52a1953c2c','1154',0,2,0),(1155,'3fc344419cd6dd80','3fc344419cd6dd80','1155',0,2,0),(1156,'3faf2ba91127d2a0','3faf2ba91127d2a0','1156',0,2,0),(1157,'3fd1e6d1c6b604be','3fd1e6d1c6b604be','1157',0,2,0),(1158,'3fc9ab5f91173aa4','3fc9ab5f91173aa4','1158',0,2,0),(1159,'3fe50573f982d633','3fe50573f982d633','1159',0,2,0),(1160,'3fb0d6a5d7b7b5b0','3fb0d6a5d7b7b5b0','1160',0,2,0),(1161,'3fe810139cab6917','3fe810139cab6917','1161',0,2,0),(1162,'3fde8cf3124b8ce4','3fde8cf3124b8ce4','1162',0,2,0),(1163,'3fdd752a5ed1edc8','3fdd752a5ed1edc8','1163',0,2,0),(1164,'3fd25be19936a694','3fd25be19936a694','1164',0,2,0),(1165,'3fdbd6e3e13ce982','3fdbd6e3e13ce982','1165',0,2,0),(1166,'3fdadf1d06f8ed44','3fdadf1d06f8ed44','1166',0,2,0),(1167,'3fda3d72f2793b22','3fda3d72f2793b22','1167',0,2,0),(1168,'3fca47c8dab92448','3fca47c8dab92448','1168',0,2,0),(1169,'3fd9a3415b69c28e','3fd9a3415b69c28e','1169',0,2,0),(1170,'3fdb5183a93f00a8','3fdb5183a93f00a8','1170',0,2,0),(1171,'3fe7cfd81468433a','3fe7cfd81468433a','1171',0,2,0),(1172,'3fe35ba3ef7ce908','3fe35ba3ef7ce908','1172',0,2,0),(1173,'3fd28de761b5ab36','3fd28de761b5ab36','1173',0,2,0),(1174,'3fe9db07eaeda765','3fe9db07eaeda765','1174',0,2,0),(1175,'3fc5b95d587508a8','3fc5b95d587508a8','1175',0,2,0),(1176,'3fd3d165787ef7fa','3fd3d165787ef7fa','1176',0,2,0),(1177,'3fe9f6c0e810b257','3fe9f6c0e810b257','1177',0,2,0),(1178,'3fbf977074efddc0','3fbf977074efddc0','1178',0,2,0),(1179,'3fe37bb4cd686ad7','3fe37bb4cd686ad7','1179',0,2,0),(1180,'3fe0c0a18edb7c1a','3fe0c0a18edb7c1a','1180',0,2,0),(1181,'3fe582b4fc3990e6','3fe582b4fc3990e6','1181',0,2,0),(1182,'3fccea0dd7a59bf8','3fccea0dd7a59bf8','1182',0,2,0),(1183,'3fe55856f946d146','3fe55856f946d146','1183',0,2,0),(1184,'3fe8e1f7d9f1bae6','3fe8e1f7d9f1bae6','1184',0,2,0),(1185,'3faf9f229e503210','3faf9f229e503210','1185',0,2,0),(1186,'3fe5691cc6c6aef5','3fe5691cc6c6aef5','1186',0,2,0),(1187,'3fd6b79250b2c5e2','3fd6b79250b2c5e2','1187',0,2,0),(1188,'3fe708e9c2e1c3c8','3fe708e9c2e1c3c8','1188',0,2,0),(1189,'3fe36739280ba37d','3fe36739280ba37d','1189',0,2,0),(1190,'3fea8a314d62fc2f','3fea8a314d62fc2f','1190',0,2,0),(1191,'3fef2aa12f17d52a','3fef2aa12f17d52a','1191',0,2,0),(1192,'3fd7c9753efb161a','3fd7c9753efb161a','1192',0,2,0),(1193,'3fed8d5bf51805a3','3fed8d5bf51805a3','1193',0,2,0),(1194,'3fdb8924c765eaaa','3fdb8924c765eaaa','1194',0,2,0),(1195,'3fd72a9e6dcaf800','3fd72a9e6dcaf800','1195',0,2,0),(1196,'3f9323206f4f2d60','3f9323206f4f2d60','1196',0,2,0),(1197,'3fe0913a6637979d','3fe0913a6637979d','1197',0,2,0),(1198,'3fc3ccf27fa9fbac','3fc3ccf27fa9fbac','1198',0,2,0),(1199,'3fec7317ac2c99a2','3fec7317ac2c99a2','1199',0,2,0),(1200,'3fe350b5603ee406','3fe350b5603ee406','1200',0,2,0),(1201,'3fe8f88962d10379','3fe8f88962d10379','1201',0,2,0),(1202,'3fe5e903355b2f94','3fe5e903355b2f94','1202',0,2,0),(1203,'3fe61476fba6b641','3fe61476fba6b641','1203',0,2,0),(1204,'3fd61ca440fa01e2','3fd61ca440fa01e2','1204',0,2,0),(1205,'3fd21946cc3f42ce','3fd21946cc3f42ce','1205',0,2,0),(1206,'3fea20555d2b88d5','3fea20555d2b88d5','1206',0,2,0),(1207,'3fe4102f6f3a9079','3fe4102f6f3a9079','1207',0,2,0),(1208,'3fd4a31c003cd06c','3fd4a31c003cd06c','1208',0,2,0),(1209,'3fd8b146a6ab14c8','3fd8b146a6ab14c8','1209',0,2,0),(1210,'3fd100bae51608bc','3fd100bae51608bc','1210',0,2,0),(1211,'3fd8ac81b2b46c60','3fd8ac81b2b46c60','1211',0,2,0),(1212,'3fed8ca868553157','3fed8ca868553157','1212',0,2,0),(1213,'3fdb44130a8fb6b6','3fdb44130a8fb6b6','1213',0,2,0),(1214,'3fd9917500f20b8a','3fd9917500f20b8a','1214',0,2,0),(1215,'3fed9c0a9a8dd5fc','3fed9c0a9a8dd5fc','1215',0,2,0),(1216,'3fd9a0ff7e737aa6','3fd9a0ff7e737aa6','1216',0,2,0),(1217,'3fd8c6547315718e','3fd8c6547315718e','1217',0,2,0),(1218,'3fda3a269bcd81a6','3fda3a269bcd81a6','1218',0,2,0),(1219,'3fcd735d1f676428','3fcd735d1f676428','1219',0,2,0),(1220,'3fcdf02628b8f4b0','3fcdf02628b8f4b0','1220',0,2,0),(1221,'3f8da9b40128b700','3f8da9b40128b700','1221',0,2,0),(1222,'3fd82387cfdc4886','3fd82387cfdc4886','1222',0,2,0),(1223,'3fedd21271f0d57d','3fedd21271f0d57d','1223',0,2,0),(1224,'3fe52485225304e8','3fe52485225304e8','1224',0,2,0),(1225,'3fe94b304362aa26','3fe94b304362aa26','1225',0,2,0),(1226,'3fd105c98213b20a','3fd105c98213b20a','1226',0,2,0),(1227,'3fed6e68c4a3e952','3fed6e68c4a3e952','1227',0,2,0),(1228,'3fe053a79aa8bb14','3fe053a79aa8bb14','1228',0,2,0),(1229,'3fa9ed4147914b00','3fa9ed4147914b00','1229',0,2,0),(1230,'3fc19bb11eb19824','3fc19bb11eb19824','1230',0,2,0),(1231,'3fdf1e22d78c1b96','3fdf1e22d78c1b96','1231',0,2,0),(1232,'3fdc4204801ee99c','3fdc4204801ee99c','1232',0,2,0),(1233,'3fe969132a7e03a7','3fe969132a7e03a7','1233',0,2,0),(1234,'3fe8b629d6468878','3fe8b629d6468878','1234',0,2,0),(1235,'3fed3e822eb8f34a','3fed3e822eb8f34a','1235',0,2,0),(1236,'3fe913e30c23ce42','3fe913e30c23ce42','1236',0,2,0),(1237,'3fda8605385b52fc','3fda8605385b52fc','1237',0,2,0),(1238,'3fdcd0b6857da106','3fdcd0b6857da106','1238',0,2,0),(1239,'3fe50bcd1e1bf5bc','3fe50bcd1e1bf5bc','1239',0,2,0),(1240,'3fdc45dd2a1a1f66','3fdc45dd2a1a1f66','1240',0,2,0),(1241,'3fe544b66a49a092','3fe544b66a49a092','1241',0,2,0),(1242,'3feb719c438e92a1','3feb719c438e92a1','1242',0,2,0),(1243,'3fdc43d0cf2f72ee','3fdc43d0cf2f72ee','1243',0,2,0),(1244,'3fe80eb4c5a16efc','3fe80eb4c5a16efc','1244',0,2,0),(1245,'3fe4f7367286f24f','3fe4f7367286f24f','1245',0,2,0),(1246,'3fee8fef7d2a3d52','3fee8fef7d2a3d52','1246',0,2,0),(1247,'3fe4f2203a8300a5','3fe4f2203a8300a5','1247',0,2,0),(1248,'3fe7bc7eead77d96','3fe7bc7eead77d96','1248',0,2,0),(1249,'3fe2a23d1ae05ed2','3fe2a23d1ae05ed2','1249',0,2,0),(1250,'3fc68a87ac348d9c','3fc68a87ac348d9c','1250',0,2,0),(1251,'3fd9d9e50a3e9240','3fd9d9e50a3e9240','1251',0,2,0),(1252,'3fef9e981d4dd31b','3fef9e981d4dd31b','1252',0,2,0),(1253,'3fc794010191d43c','3fc794010191d43c','1253',0,2,0),(1254,'3fe02cc854b2cac4','3fe02cc854b2cac4','1254',0,2,0),(1255,'3fddd9297adb85ba','3fddd9297adb85ba','1255',0,2,0),(1256,'3fc27d3e1f101120','3fc27d3e1f101120','1256',0,2,0),(1257,'3fe43143f9f90b73','3fe43143f9f90b73','1257',0,2,0),(1258,'3fea8c166ff9cfa4','3fea8c166ff9cfa4','1258',0,2,0),(1259,'3fc4718f087cbb34','3fc4718f087cbb34','1259',0,2,0),(1260,'3fd0d7e97b63ed0e','3fd0d7e97b63ed0e','1260',0,2,0),(1261,'3fe567f7672fa90a','3fe567f7672fa90a','1261',0,2,0),(1262,'3fdcaaa06fbcd8ba','3fdcaaa06fbcd8ba','1262',0,2,0),(1263,'3feb507dafe3363f','3feb507dafe3363f','1263',0,2,0),(1264,'3fcd94383ef27fb0','3fcd94383ef27fb0','1264',0,2,0),(1265,'3fd6fd36ea50de46','3fd6fd36ea50de46','1265',0,2,0),(1266,'3fe92f95502cb5a4','3fe92f95502cb5a4','1266',0,2,0),(1267,'3fdbd18b0abb9590','3fdbd18b0abb9590','1267',0,2,0),(1268,'3fefe108c69943be','3fefe108c69943be','1268',0,2,0),(1269,'3fe5bcb3d7a31371','3fe5bcb3d7a31371','1269',0,2,0),(1270,'3fc5bf1972f26d44','3fc5bf1972f26d44','1270',0,2,0),(1271,'3fe182913c4b1ea6','3fe182913c4b1ea6','1271',0,2,0),(1272,'3fe8d6a388023b77','3fe8d6a388023b77','1272',0,2,0),(1273,'3fe2c8819abf7ab3','3fe2c8819abf7ab3','1273',0,2,0),(1274,'3fee9d4424fbbda4','3fee9d4424fbbda4','1274',0,2,0),(1275,'3feae44150dcc5a0','3feae44150dcc5a0','1275',0,2,0),(1276,'3fbb6295e592e268','3fbb6295e592e268','1276',0,2,0),(1277,'3fec62483a9183d4','3fec62483a9183d4','1277',0,2,0),(1278,'3fdfe29205f64e0e','3fdfe29205f64e0e','1278',0,2,0),(1279,'3fe8b602c91c8e70','3fe8b602c91c8e70','1279',0,2,0),(1280,'3fdaa3bd13dc1262','3fdaa3bd13dc1262','1280',0,2,0),(1281,'3fd8aab8511b2728','3fd8aab8511b2728','1281',0,2,0),(1282,'3fbe50e1ff47d298','3fbe50e1ff47d298','1282',0,2,0),(1283,'3fe7c2fae523a4a3','3fe7c2fae523a4a3','1283',0,2,0),(1284,'3fe9317b8cf30154','3fe9317b8cf30154','1284',0,2,0),(1285,'3fd79c77b7eae14e','3fd79c77b7eae14e','1285',0,2,0),(1286,'3fe8f35f3ed02597','3fe8f35f3ed02597','1286',0,2,0),(1287,'3fdd4c39dc6d15fa','3fdd4c39dc6d15fa','1287',0,2,0),(1288,'3fe6ed9cdab9fb31','3fe6ed9cdab9fb31','1288',0,2,0),(1289,'3fd9d9e4f39e00b8','3fd9d9e4f39e00b8','1289',0,2,0),(1290,'3fc632d3a6a8a550','3fc632d3a6a8a550','1290',0,2,0),(1291,'3fdddbd42cb0fcc2','3fdddbd42cb0fcc2','1291',0,2,0),(1292,'3feec8c08ac71c06','3feec8c08ac71c06','1292',0,2,0),(1293,'3fea1304ba9073bf','3fea1304ba9073bf','1293',0,2,0),(1294,'3fe740030441044b','3fe740030441044b','1294',0,2,0),(1295,'3fe7ea5b4baad12f','3fe7ea5b4baad12f','1295',0,2,0),(1296,'3f9f8eba0b0b7c60','3f9f8eba0b0b7c60','1296',0,2,0),(1297,'3fef1427a78f7540','3fef1427a78f7540','1297',0,2,0),(1298,'3fdac11ac822a772','3fdac11ac822a772','1298',0,2,0),(1299,'3fb401a757767968','3fb401a757767968','1299',0,2,0),(1300,'3fdd59bae425cc4c','3fdd59bae425cc4c','1300',0,2,0),(1301,'3fe619016862e6d3','3fe619016862e6d3','1301',0,2,0),(1302,'3fd6e856889d7042','3fd6e856889d7042','1302',0,2,0),(1303,'3fe58504b2c2b9e9','3fe58504b2c2b9e9','1303',0,2,0),(1304,'3fe98de415628684','3fe98de415628684','1304',0,2,0),(1305,'3fe4ab3448c8c099','3fe4ab3448c8c099','1305',0,2,0),(1306,'3fe98fd6b95e8e89','3fe98fd6b95e8e89','1306',0,2,0),(1307,'3fcd3c2636d1b670','3fcd3c2636d1b670','1307',0,2,0),(1308,'3fc3ddd9c040ca2c','3fc3ddd9c040ca2c','1308',0,2,0),(1309,'3fe509f33a439ffd','3fe509f33a439ffd','1309',0,2,0),(1310,'3fe3d8d5cf8f0e46','3fe3d8d5cf8f0e46','1310',0,2,0),(1311,'3fba6229a031f488','3fba6229a031f488','1311',0,2,0),(1312,'3fc637bf009afe90','3fc637bf009afe90','1312',0,2,0),(1313,'3fc2398346165d80','3fc2398346165d80','1313',0,2,0),(1314,'3fd6c77beb05b674','3fd6c77beb05b674','1314',0,2,0),(1315,'3fe99bf84f049f06','3fe99bf84f049f06','1315',0,2,0),(1316,'3fe40c02080ed59c','3fe40c02080ed59c','1316',0,2,0),(1317,'3fe98ef80edfce38','3fe98ef80edfce38','1317',0,2,0),(1318,'3fe092914bbb1c9b','3fe092914bbb1c9b','1318',0,2,0),(1319,'3fd59b8fee1a3b1e','3fd59b8fee1a3b1e','1319',0,2,0),(1320,'3fc08d616b74b68c','3fc08d616b74b68c','1320',0,2,0),(1321,'3fe9d93f325081b3','3fe9d93f325081b3','1321',0,2,0),(1322,'3fd3f66bffb8506e','3fd3f66bffb8506e','1322',0,2,0),(1323,'3fd6239b55d29802','3fd6239b55d29802','1323',0,2,0),(1324,'3fad13333202dd30','3fad13333202dd30','1324',0,2,0),(1325,'3fdd02090ed5ebc0','3fdd02090ed5ebc0','1325',0,2,0),(1326,'3feac7876bbad234','3feac7876bbad234','1326',0,2,0),(1327,'3fee4cd132e21ecd','3fee4cd132e21ecd','1327',0,2,0),(1328,'3fdbd87d9a17e268','3fdbd87d9a17e268','1328',0,2,0),(1329,'3fb36328d9b73a78','3fb36328d9b73a78','1329',0,2,0),(1330,'3fe06841adf2715a','3fe06841adf2715a','1330',0,2,0),(1331,'3fe1abec4bf254ea','3fe1abec4bf254ea','1331',0,2,0),(1332,'3fdc31c6a76b987a','3fdc31c6a76b987a','1332',0,2,0),(1333,'3fe6abddd6470d36','3fe6abddd6470d36','1333',0,2,0),(1334,'3fe95c06abb5a7d4','3fe95c06abb5a7d4','1334',0,2,0),(1335,'3fe77ad877c07837','3fe77ad877c07837','1335',0,2,0),(1336,'3fc2e53d60897770','3fc2e53d60897770','1336',0,2,0),(1337,'3fe255a5e7a83c15','3fe255a5e7a83c15','1337',0,2,0),(1338,'3fc6cef6a6f801c8','3fc6cef6a6f801c8','1338',0,2,0),(1339,'3fcca09bd22c1978','3fcca09bd22c1978','1339',0,2,0),(1340,'3fd5acf8307679ee','3fd5acf8307679ee','1340',0,2,0),(1341,'3feb4393d9ecb8db','3feb4393d9ecb8db','1341',0,2,0),(1342,'3fc79631f2c1c1c4','3fc79631f2c1c1c4','1342',0,2,0),(1343,'3fed8aa25cf3523a','3fed8aa25cf3523a','1343',0,2,0),(1344,'3fe0676bc3535272','3fe0676bc3535272','1344',0,2,0),(1345,'3fe9bacc72794c88','3fe9bacc72794c88','1345',0,2,0),(1346,'3fc59eaadffb36f4','3fc59eaadffb36f4','1346',0,2,0),(1347,'3fe0a31a9a95adba','3fe0a31a9a95adba','1347',0,2,0),(1348,'3fe6c3e1c1b2efb2','3fe6c3e1c1b2efb2','1348',0,2,0),(1349,'3fd558f678b750a4','3fd558f678b750a4','1349',0,2,0),(1350,'3fec744f354049b5','3fec744f354049b5','1350',0,2,0),(1351,'3fee3ddaaf9f6c46','3fee3ddaaf9f6c46','1351',0,2,0),(1352,'3fdaefaa596d6340','3fdaefaa596d6340','1352',0,2,0),(1353,'3fe2e6d58353aa4a','3fe2e6d58353aa4a','1353',0,2,0),(1354,'3fccffdd14b401b8','3fccffdd14b401b8','1354',0,2,0),(1355,'3fdbfe10c62a9b40','3fdbfe10c62a9b40','1355',0,2,0),(1356,'3fe314dce55e4030','3fe314dce55e4030','1356',0,2,0),(1357,'3fa35a7215b12800','3fa35a7215b12800','1357',0,2,0),(1358,'3fe8d3480edaac7a','3fe8d3480edaac7a','1358',0,2,0),(1359,'3fdb1a5ca27dc298','3fdb1a5ca27dc298','1359',0,2,0),(1360,'3fea06d61fb9fa61','3fea06d61fb9fa61','1360',0,2,0),(1361,'3fe619a948d938a3','3fe619a948d938a3','1361',0,2,0),(1362,'3feca1c9c98a8f28','3feca1c9c98a8f28','1362',0,2,0),(1363,'3fe8b52f85ad7272','3fe8b52f85ad7272','1363',0,2,0),(1364,'3fe4d90472789ec4','3fe4d90472789ec4','1364',0,2,0),(1365,'3fed65e367d2522c','3fed65e367d2522c','1365',0,2,0),(1366,'3fd7bd7a62953a98','3fd7bd7a62953a98','1366',0,2,0),(1367,'3fce2b959a5c3108','3fce2b959a5c3108','1367',0,2,0),(1368,'3fe5c0ec7ae80080','3fe5c0ec7ae80080','1368',0,2,0),(1369,'3fd174ab8987b1f6','3fd174ab8987b1f6','1369',0,2,0),(1370,'3fb3ca5576f00400','3fb3ca5576f00400','1370',0,2,0),(1371,'3fab1a771c026d60','3fab1a771c026d60','1371',0,2,0),(1372,'3feaac27df0dd8d5','3feaac27df0dd8d5','1372',0,2,0),(1373,'3fd2f65d29034500','3fd2f65d29034500','1373',0,2,0),(1374,'3feb914bb7d2fcea','3feb914bb7d2fcea','1374',0,2,0),(1375,'3fe81ffd29f08c9b','3fe81ffd29f08c9b','1375',0,2,0),(1376,'3fe17673a90fc51e','3fe17673a90fc51e','1376',0,2,0),(1377,'3fc62f222524dd74','3fc62f222524dd74','1377',0,2,0),(1378,'3fdc3bdc48bc96fe','3fdc3bdc48bc96fe','1378',0,2,0),(1379,'3fc766e703c820c8','3fc766e703c820c8','1379',0,2,0),(1380,'3fe75538e0f3815a','3fe75538e0f3815a','1380',0,2,0),(1381,'3fd77967acc5f710','3fd77967acc5f710','1381',0,2,0),(1382,'3fd0cee30b0bf18a','3fd0cee30b0bf18a','1382',0,2,0),(1383,'3fe443c205596ad1','3fe443c205596ad1','1383',0,2,0),(1384,'3fe2edce6bd26f2c','3fe2edce6bd26f2c','1384',0,2,0),(1385,'3fbc20468855b798','3fbc20468855b798','1385',0,2,0),(1386,'3fbee9f33abec0e0','3fbee9f33abec0e0','1386',0,2,0),(1387,'3fe8dcbc24dc7b2f','3fe8dcbc24dc7b2f','1387',0,2,0),(1388,'3fd3e76b73daf2be','3fd3e76b73daf2be','1388',0,2,0),(1389,'3fe73f4506fb0eaf','3fe73f4506fb0eaf','1389',0,2,0),(1390,'3feab99788599b7f','3feab99788599b7f','1390',0,2,0),(1391,'3fe84de983b95cdd','3fe84de983b95cdd','1391',0,2,0),(1392,'3fe99410e7a063ec','3fe99410e7a063ec','1392',0,2,0),(1393,'3fd1cbe339b2fd1c','3fd1cbe339b2fd1c','1393',0,2,0),(1394,'3fdb984ae2253f8a','3fdb984ae2253f8a','1394',0,2,0),(1395,'3fdbded51f6c006e','3fdbded51f6c006e','1395',0,2,0),(1396,'3fc16e4c201661f4','3fc16e4c201661f4','1396',0,2,0),(1397,'3feebc5492e26347','3feebc5492e26347','1397',0,2,0),(1398,'3fb564dc240beb60','3fb564dc240beb60','1398',0,2,0),(1399,'3fcc0cb18600aaec','3fcc0cb18600aaec','1399',0,2,0),(1400,'3fe8ac2aab2d7f73','3fe8ac2aab2d7f73','1400',0,2,0),(1401,'3f7eb5b24b528e00','3f7eb5b24b528e00','1401',0,2,0),(1402,'3fe17eb754816dd7','3fe17eb754816dd7','1402',0,2,0),(1403,'3fdc2381e3714ff0','3fdc2381e3714ff0','1403',0,2,0),(1404,'3fd07f4baa3ceaca','3fd07f4baa3ceaca','1404',0,2,0),(1405,'3fe31b6fb8ce92ff','3fe31b6fb8ce92ff','1405',0,2,0),(1406,'3fed58da23959513','3fed58da23959513','1406',0,2,0),(1407,'3fd9f8c10f6c65d2','3fd9f8c10f6c65d2','1407',0,2,0),(1408,'3fbce48573236948','3fbce48573236948','1408',0,2,0),(1409,'3fd9bc4cd4eefc62','3fd9bc4cd4eefc62','1409',0,2,0),(1410,'3fd68cf7d0848040','3fd68cf7d0848040','1410',0,2,0),(1411,'3fe37f55a70ea7df','3fe37f55a70ea7df','1411',0,2,0),(1412,'3fd7951b05929cac','3fd7951b05929cac','1412',0,2,0),(1413,'3fef4e383763a66b','3fef4e383763a66b','1413',0,2,0),(1414,'3fe9c7b8fd0e27ae','3fe9c7b8fd0e27ae','1414',0,2,0),(1415,'3fe40812ee370ee5','3fe40812ee370ee5','1415',0,2,0),(1416,'3fe0fb674ee12047','3fe0fb674ee12047','1416',0,2,0),(1417,'3fc2135247d81a04','3fc2135247d81a04','1417',0,2,0),(1418,'3fed97390377c763','3fed97390377c763','1418',0,2,0),(1419,'3fd3d465c81a1d3e','3fd3d465c81a1d3e','1419',0,2,0),(1420,'3fee461de16711a1','3fee461de16711a1','1420',0,2,0),(1421,'3feb1ede84159181','3feb1ede84159181','1421',0,2,0),(1422,'3f89ec25e7366940','3f89ec25e7366940','1422',0,2,0),(1423,'3fea26a1c3de57b3','3fea26a1c3de57b3','1423',0,2,0),(1424,'3f9f258b3f4d8ae0','3f9f258b3f4d8ae0','1424',0,2,0),(1425,'3febbae36db57061','3febbae36db57061','1425',0,2,0),(1426,'3fd664789c080fa8','3fd664789c080fa8','1426',0,2,0),(1427,'3feb20313f8498aa','3feb20313f8498aa','1427',0,2,0),(1428,'3fdae29287390c56','3fdae29287390c56','1428',0,2,0),(1429,'3fe6911bc761d018','3fe6911bc761d018','1429',0,2,0),(1430,'3fce5b5913ab7c58','3fce5b5913ab7c58','1430',0,2,0),(1431,'3fcf035995ba2958','3fcf035995ba2958','1431',0,2,0),(1432,'3febc9e10662bdb7','3febc9e10662bdb7','1432',0,2,0),(1433,'3fea9cb619a2d04a','3fea9cb619a2d04a','1433',0,2,0),(1434,'3feab8255eac1997','3feab8255eac1997','1434',0,2,0),(1435,'3fe7bad164f0a4b4','3fe7bad164f0a4b4','1435',0,2,0),(1436,'3fe4248a312193eb','3fe4248a312193eb','1436',0,2,0),(1437,'3fcdd6aef2a489a4','3fcdd6aef2a489a4','1437',0,2,0),(1438,'3fcf8f99ad11313c','3fcf8f99ad11313c','1438',0,2,0),(1439,'3fd171febbf418a6','3fd171febbf418a6','1439',0,2,0),(1440,'3fc2b2cf859fc854','3fc2b2cf859fc854','1440',0,2,0),(1441,'3fe7a25f8099e957','3fe7a25f8099e957','1441',0,2,0),(1442,'3fd4825f775a1288','3fd4825f775a1288','1442',0,2,0),(1443,'3fe37996224c4835','3fe37996224c4835','1443',0,2,0),(1444,'3fb7266eaf9d6338','3fb7266eaf9d6338','1444',0,2,0),(1445,'3fd5a08dabe2d31e','3fd5a08dabe2d31e','1445',0,2,0),(1446,'3fd54b9c65710ca2','3fd54b9c65710ca2','1446',0,2,0),(1447,'3fe3f68a3d965033','3fe3f68a3d965033','1447',0,2,0),(1448,'3fc8c8abd76943d0','3fc8c8abd76943d0','1448',0,2,0),(1449,'3fee0adc26d619c4','3fee0adc26d619c4','1449',0,2,0),(1450,'3fa9bfcd449d8650','3fa9bfcd449d8650','1450',0,2,0),(1451,'3fe4e6de7f5583e4','3fe4e6de7f5583e4','1451',0,2,0),(1452,'3feb04dd8cf3533a','3feb04dd8cf3533a','1452',0,2,0),(1453,'3fe3b01c1dd7a408','3fe3b01c1dd7a408','1453',0,2,0),(1454,'3fe589b5cd37d34e','3fe589b5cd37d34e','1454',0,2,0),(1455,'3fe50c1de52119ff','3fe50c1de52119ff','1455',0,2,0),(1456,'3fc18336928a9090','3fc18336928a9090','1456',0,2,0),(1457,'3fdb139858eecedc','3fdb139858eecedc','1457',0,2,0),(1458,'3fe9d2ddf3da9df6','3fe9d2ddf3da9df6','1458',0,2,0),(1459,'3fefe73f8e06983e','3fefe73f8e06983e','1459',0,2,0),(1460,'3fecf5493ef4c690','3fecf5493ef4c690','1460',0,2,0),(1461,'3fd23596c7f41464','3fd23596c7f41464','1461',0,2,0),(1462,'3fedb78a23360b2b','3fedb78a23360b2b','1462',0,2,0),(1463,'3fe398344fdfe3c3','3fe398344fdfe3c3','1463',0,2,0),(1464,'3fd2b09d721ee09a','3fd2b09d721ee09a','1464',0,2,0),(1465,'3fd1af5abac758ae','3fd1af5abac758ae','1465',0,2,0),(1466,'3fe8979e58e4c6e3','3fe8979e58e4c6e3','1466',0,2,0),(1467,'3fd5a6bd4c1af3fc','3fd5a6bd4c1af3fc','1467',0,2,0),(1468,'3fe262d1214bc7a7','3fe262d1214bc7a7','1468',0,2,0),(1469,'3feca9df02224ad0','3feca9df02224ad0','1469',0,2,0),(1470,'3fe52d07385a67fe','3fe52d07385a67fe','1470',0,2,0),(1471,'3fec00348dc1620d','3fec00348dc1620d','1471',0,2,0),(1472,'3fd2266cf9c29aca','3fd2266cf9c29aca','1472',0,2,0),(1473,'3fe0c49545cbe321','3fe0c49545cbe321','1473',0,2,0),(1474,'3fc8d734b311da30','3fc8d734b311da30','1474',0,2,0),(1475,'3fe5bc4b370966a4','3fe5bc4b370966a4','1475',0,2,0),(1476,'3fc30d3fe36a0d3c','3fc30d3fe36a0d3c','1476',0,2,0),(1477,'3fd6f58c14efcf08','3fd6f58c14efcf08','1477',0,2,0),(1478,'3fd9de83cb88ed20','3fd9de83cb88ed20','1478',0,2,0),(1479,'3fe5260ceb09286d','3fe5260ceb09286d','1479',0,2,0),(1480,'3f9ce19043cbe680','3f9ce19043cbe680','1480',0,2,0),(1481,'3fe16d6af49d938f','3fe16d6af49d938f','1481',0,2,0),(1482,'3fd9570ee4de0e88','3fd9570ee4de0e88','1482',0,2,0),(1483,'3fbbd2c6fab4c778','3fbbd2c6fab4c778','1483',0,2,0),(1484,'3fe8f124d0ab9a6a','3fe8f124d0ab9a6a','1484',0,2,0),(1485,'3fb88a7148158aa0','3fb88a7148158aa0','1485',0,2,0),(1486,'3fdd6563a2dc4db8','3fdd6563a2dc4db8','1486',0,2,0),(1487,'3fe6b84cdc2d6df3','3fe6b84cdc2d6df3','1487',0,2,0),(1488,'3fef6301dab4edd6','3fef6301dab4edd6','1488',0,2,0),(1489,'3fde67427e50be10','3fde67427e50be10','1489',0,2,0),(1490,'3fe688c21cd6aacd','3fe688c21cd6aacd','1490',0,2,0),(1491,'3fec267957301d64','3fec267957301d64','1491',0,2,0),(1492,'3fe0751d1d1f4a6d','3fe0751d1d1f4a6d','1492',0,2,0),(1493,'3fd7993ba98aca4e','3fd7993ba98aca4e','1493',0,2,0),(1494,'3fe899bbc432fc8e','3fe899bbc432fc8e','1494',0,2,0),(1495,'3febbcbefeaef1b5','3febbcbefeaef1b5','1495',0,2,0),(1496,'3fd25a35efea3c70','3fd25a35efea3c70','1496',0,2,0),(1497,'3fd22ee1267f5a2a','3fd22ee1267f5a2a','1497',0,2,0),(1498,'3fd86a281eee55ba','3fd86a281eee55ba','1498',0,2,0),(1499,'3fd13c2d33df8d8e','3fd13c2d33df8d8e','1499',0,2,0),(1500,'3fe91edeceb3b5dc','3fe91edeceb3b5dc','1500',0,2,0),(1501,'3fb4756fb5c34230','3fb4756fb5c34230','1501',0,2,0),(1502,'3fdb53766408bf08','3fdb53766408bf08','1502',0,2,0),(1503,'3fe4f58301b2ff48','3fe4f58301b2ff48','1503',0,2,0),(1504,'3fe77dd9a5e9ca99','3fe77dd9a5e9ca99','1504',0,2,0),(1505,'3fdc29221e40efc0','3fdc29221e40efc0','1505',0,2,0),(1506,'3fe63bfff593c99b','3fe63bfff593c99b','1506',0,2,0),(1507,'3feeb16cb134429e','3feeb16cb134429e','1507',0,2,0),(1508,'3feb8bd221704cd1','3feb8bd221704cd1','1508',0,2,0),(1509,'3fe3364446eca4dd','3fe3364446eca4dd','1509',0,2,0),(1510,'3fe5968ca1d30c4f','3fe5968ca1d30c4f','1510',0,2,0),(1511,'3fcb029f4c9e4d10','3fcb029f4c9e4d10','1511',0,2,0),(1512,'3fe4da6728987b0a','3fe4da6728987b0a','1512',0,2,0),(1513,'3fd642e8c0c67168','3fd642e8c0c67168','1513',0,2,0),(1514,'3fe33fbe96ae4221','3fe33fbe96ae4221','1514',0,2,0),(1515,'3fed9c63e7b54db3','3fed9c63e7b54db3','1515',0,2,0),(1516,'3fa3c8be7fc55750','3fa3c8be7fc55750','1516',0,2,0),(1517,'3fdb16da343d0cf2','3fdb16da343d0cf2','1517',0,2,0),(1518,'3fdd092ec96b4962','3fdd092ec96b4962','1518',0,2,0),(1519,'3fc8491620e67f08','3fc8491620e67f08','1519',0,2,0),(1520,'3fc2b4f8ccc1f7b8','3fc2b4f8ccc1f7b8','1520',0,2,0),(1521,'3fef71000d41f481','3fef71000d41f481','1521',0,2,0),(1522,'3fe8328868bee8fb','3fe8328868bee8fb','1522',0,2,0),(1523,'3fb34f545c704478','3fb34f545c704478','1523',0,2,0),(1524,'3fe2d8b713689484','3fe2d8b713689484','1524',0,2,0),(1525,'3fe63e757c011688','3fe63e757c011688','1525',0,2,0),(1526,'3feb6157cdd46020','3feb6157cdd46020','1526',0,2,0),(1527,'3fe0291759e570df','3fe0291759e570df','1527',0,2,0),(1528,'3fd4baa9a66240f4','3fd4baa9a66240f4','1528',0,2,0),(1529,'3fd92d8e3af4d0ac','3fd92d8e3af4d0ac','1529',0,2,0),(1530,'3fe9766002b5eca6','3fe9766002b5eca6','1530',0,2,0),(1531,'3fbf0e798e2b6008','3fbf0e798e2b6008','1531',0,2,0),(1532,'3fe7417f52b415cc','3fe7417f52b415cc','1532',0,2,0),(1533,'3fed9964fc8938de','3fed9964fc8938de','1533',0,2,0),(1534,'3fa726906a1dc410','3fa726906a1dc410','1534',0,2,0),(1535,'3f93b2b40d2626e0','3f93b2b40d2626e0','1535',0,2,0),(1536,'3fd9078cf71e0e6a','3fd9078cf71e0e6a','1536',0,2,0),(1537,'3f76e21d0a2af300','3f76e21d0a2af300','1537',0,2,0),(1538,'3fbc1add9e6db090','3fbc1add9e6db090','1538',0,2,0),(1539,'3fdb42352db9bb2c','3fdb42352db9bb2c','1539',0,2,0),(1540,'3fc049e9dc5052b8','3fc049e9dc5052b8','1540',0,2,0),(1541,'3fdb07efe1021058','3fdb07efe1021058','1541',0,2,0),(1542,'3fdf761e49d21adc','3fdf761e49d21adc','1542',0,2,0),(1543,'3fe16b8fea618e6b','3fe16b8fea618e6b','1543',0,2,0),(1544,'3fe8dffe0de0a678','3fe8dffe0de0a678','1544',0,2,0),(1545,'3feca193dd53f005','3feca193dd53f005','1545',0,2,0),(1546,'3fe1b46fd6366920','3fe1b46fd6366920','1546',0,2,0),(1547,'3fe9fce9822ce420','3fe9fce9822ce420','1547',0,2,0),(1548,'3fe83112e407049b','3fe83112e407049b','1548',0,2,0),(1549,'3fd0f432af56a510','3fd0f432af56a510','1549',0,2,0),(1550,'3fe2d84122384f30','3fe2d84122384f30','1550',0,2,0),(1551,'3fe89646e6587d9d','3fe89646e6587d9d','1551',0,2,0),(1552,'3fe5aa5fd199daee','3fe5aa5fd199daee','1552',0,2,0),(1553,'3fdd745c0c40ce54','3fdd745c0c40ce54','1553',0,2,0),(1554,'3fe9dab885a28523','3fe9dab885a28523','1554',0,2,0),(1555,'3fe24fc70bd7fc31','3fe24fc70bd7fc31','1555',0,2,0),(1556,'3fa0a714c3ab9980','3fa0a714c3ab9980','1556',0,2,0),(1557,'3feb14dcc4bf35e9','3feb14dcc4bf35e9','1557',0,2,0),(1558,'3feff332ee3194c4','3feff332ee3194c4','1558',0,2,0),(1559,'3fef0706678e1ff1','3fef0706678e1ff1','1559',0,2,0),(1560,'3fe4e573835ea214','3fe4e573835ea214','1560',0,2,0),(1561,'3fc62881909a57b0','3fc62881909a57b0','1561',0,2,0),(1562,'3fd66e87e8794ac4','3fd66e87e8794ac4','1562',0,2,0),(1563,'3fc546197c6e3278','3fc546197c6e3278','1563',0,2,0),(1564,'3fe31fe6de4db0ba','3fe31fe6de4db0ba','1564',0,2,0),(1565,'3fd38bf0fb07b952','3fd38bf0fb07b952','1565',0,2,0),(1566,'3fd2d4beae8f7332','3fd2d4beae8f7332','1566',0,2,0),(1567,'3fe4463f60c3c70b','3fe4463f60c3c70b','1567',0,2,0),(1568,'3fc93638a1d3cae8','3fc93638a1d3cae8','1568',0,2,0),(1569,'3fd4be9097ff9b0c','3fd4be9097ff9b0c','1569',0,2,0),(1570,'3fcded704a39864c','3fcded704a39864c','1570',0,2,0),(1571,'3fd63339698df5fc','3fd63339698df5fc','1571',0,2,0),(1572,'3fca075c79cde2a4','3fca075c79cde2a4','1572',0,2,0),(1573,'3fd8cb7ee6a8b404','3fd8cb7ee6a8b404','1573',0,2,0),(1574,'3fe7d1120770f1cf','3fe7d1120770f1cf','1574',0,2,0),(1575,'3fd55e4423a2332a','3fd55e4423a2332a','1575',0,2,0),(1576,'3fd90df8a8bb6b00','3fd90df8a8bb6b00','1576',0,2,0),(1577,'3fee560ccca4c254','3fee560ccca4c254','1577',0,2,0),(1578,'3fc1bd4363813984','3fc1bd4363813984','1578',0,2,0),(1579,'3fe66bfba3a0e029','3fe66bfba3a0e029','1579',0,2,0),(1580,'3fdfb243f8087440','3fdfb243f8087440','1580',0,2,0),(1581,'3fe1339b3e53a693','3fe1339b3e53a693','1581',0,2,0),(1582,'3fd3cae358acb572','3fd3cae358acb572','1582',0,2,0),(1583,'3fdf7b6f8d96af6e','3fdf7b6f8d96af6e','1583',0,2,0),(1584,'3fb1555f04e6eac0','3fb1555f04e6eac0','1584',0,2,0),(1585,'3fd65e3112e930aa','3fd65e3112e930aa','1585',0,2,0),(1586,'3fd9bf8435363bcc','3fd9bf8435363bcc','1586',0,2,0),(1587,'3feaf06ace825cbb','3feaf06ace825cbb','1587',0,2,0),(1588,'3fe69f0de3ff606a','3fe69f0de3ff606a','1588',0,2,0),(1589,'3fd1d20c2f3179b4','3fd1d20c2f3179b4','1589',0,2,0),(1590,'3fc874271222ad6c','3fc874271222ad6c','1590',0,2,0),(1591,'3fec177ce186bf9e','3fec177ce186bf9e','1591',0,2,0),(1592,'3fba8ab145c50050','3fba8ab145c50050','1592',0,2,0),(1593,'3fed0793d6180fa9','3fed0793d6180fa9','1593',0,2,0),(1594,'3fef71698631e031','3fef71698631e031','1594',0,2,0),(1595,'3fe7f461e9f08d90','3fe7f461e9f08d90','1595',0,2,0),(1596,'3fe123b1938961e6','3fe123b1938961e6','1596',0,2,0),(1597,'3fc5fc13826b56e4','3fc5fc13826b56e4','1597',0,2,0),(1598,'3fe067d4c54204ed','3fe067d4c54204ed','1598',0,2,0),(1599,'3feeee7b183a11f7','3feeee7b183a11f7','1599',0,2,0),(1600,'3fe83d29e677ceaa','3fe83d29e677ceaa','1600',0,2,0),(1601,'3fb49ef4dc468890','3fb49ef4dc468890','1601',0,2,0),(1602,'3fe1fb64c61d63c1','3fe1fb64c61d63c1','1602',0,2,0),(1603,'3fef576304fc2047','3fef576304fc2047','1603',0,2,0),(1604,'3fe702de376ca883','3fe702de376ca883','1604',0,2,0),(1605,'3fed46213025c4f2','3fed46213025c4f2','1605',0,2,0),(1606,'3feec9c5fe3ce355','3feec9c5fe3ce355','1606',0,2,0),(1607,'3fe05ee3360c3672','3fe05ee3360c3672','1607',0,2,0),(1608,'3fc707d4b19d388c','3fc707d4b19d388c','1608',0,2,0),(1609,'3fe97cca9784da74','3fe97cca9784da74','1609',0,2,0),(1610,'3fd00ffeb2e16c0e','3fd00ffeb2e16c0e','1610',0,2,0),(1611,'3fe841d42b2f07c1','3fe841d42b2f07c1','1611',0,2,0),(1612,'3fb53c4afd2cd220','3fb53c4afd2cd220','1612',0,2,0),(1613,'3fd7e1c67e3ceb58','3fd7e1c67e3ceb58','1613',0,2,0),(1614,'3fded5a756505b60','3fded5a756505b60','1614',0,2,0),(1615,'3fee672714540041','3fee672714540041','1615',0,2,0),(1616,'3fe00bcf8eaeafaf','3fe00bcf8eaeafaf','1616',0,2,0),(1617,'3fe47f5501b60b55','3fe47f5501b60b55','1617',0,2,0),(1618,'3fe31bfcc48ec3e7','3fe31bfcc48ec3e7','1618',0,2,0),(1619,'3fc519669d414280','3fc519669d414280','1619',0,2,0),(1620,'3fb3edb8000e0de8','3fb3edb8000e0de8','1620',0,2,0),(1621,'3fe330cbd95f86ee','3fe330cbd95f86ee','1621',0,2,0),(1622,'3fd57b01f880cd90','3fd57b01f880cd90','1622',0,2,0),(1623,'3fe01a93dd521297','3fe01a93dd521297','1623',0,2,0),(1624,'3fc1910fd0efa56c','3fc1910fd0efa56c','1624',0,2,0),(1625,'3fe0eee0cbd5d15f','3fe0eee0cbd5d15f','1625',0,2,0),(1626,'3feb64625c891a36','3feb64625c891a36','1626',0,2,0),(1627,'3fed8dafd8c615ca','3fed8dafd8c615ca','1627',0,2,0),(1628,'3fb3971cc6d0b498','3fb3971cc6d0b498','1628',0,2,0),(1629,'3fc2173a63d82080','3fc2173a63d82080','1629',0,2,0),(1630,'3fc16f9fe657f678','3fc16f9fe657f678','1630',0,2,0),(1631,'3fb5735e19672958','3fb5735e19672958','1631',0,2,0),(1632,'3fca57eb1138ba1c','3fca57eb1138ba1c','1632',0,2,0),(1633,'3fe939f09c14f4db','3fe939f09c14f4db','1633',0,2,0),(1634,'3fe76ac159afc63d','3fe76ac159afc63d','1634',0,2,0),(1635,'3fe0ad05675d94e4','3fe0ad05675d94e4','1635',0,2,0),(1636,'3fee64edecf065ff','3fee64edecf065ff','1636',0,2,0),(1637,'3fc7812e70195638','3fc7812e70195638','1637',0,2,0),(1638,'3fe53b43a688bde2','3fe53b43a688bde2','1638',0,2,0),(1639,'3fd803006fedd16a','3fd803006fedd16a','1639',0,2,0),(1640,'3fca3b8ed99fa190','3fca3b8ed99fa190','1640',0,2,0),(1641,'3fea1160a30f8535','3fea1160a30f8535','1641',0,2,0),(1642,'3fa7000f7da56340','3fa7000f7da56340','1642',0,2,0),(1643,'3fe4c6d4fb4162d9','3fe4c6d4fb4162d9','1643',0,2,0),(1644,'3fe61f812377db4a','3fe61f812377db4a','1644',0,2,0),(1645,'3fd56b137f4229cc','3fd56b137f4229cc','1645',0,2,0),(1646,'3fe1d5f9cd006075','3fe1d5f9cd006075','1646',0,2,0),(1647,'3fe63e4bc586cb6d','3fe63e4bc586cb6d','1647',0,2,0),(1648,'3fd5c1bfd95f9ce8','3fd5c1bfd95f9ce8','1648',0,2,0),(1649,'3fe7d220d094e57c','3fe7d220d094e57c','1649',0,2,0),(1650,'3fa0da83cf1f9c70','3fa0da83cf1f9c70','1650',0,2,0),(1651,'3fca58fe03970148','3fca58fe03970148','1651',0,2,0),(1652,'3fbc3ff6fa854290','3fbc3ff6fa854290','1652',0,2,0),(1653,'3fb93583de828db0','3fb93583de828db0','1653',0,2,0),(1654,'3fcbb09507a8efb4','3fcbb09507a8efb4','1654',0,2,0),(1655,'3fe0378c25e9dd90','3fe0378c25e9dd90','1655',0,2,0),(1656,'3fc303b02b247c30','3fc303b02b247c30','1656',0,2,0),(1657,'3fe9d16ec48bf8e0','3fe9d16ec48bf8e0','1657',0,2,0),(1658,'3fcef6a081130a4c','3fcef6a081130a4c','1658',0,2,0),(1659,'3fd609cc15661c78','3fd609cc15661c78','1659',0,2,0),(1660,'3feb97e92e7ece03','3feb97e92e7ece03','1660',0,2,0),(1661,'3fd5b4840e4973e2','3fd5b4840e4973e2','1661',0,2,0),(1662,'3fdef53f5d082a20','3fdef53f5d082a20','1662',0,2,0),(1663,'3fe61f5c373895dc','3fe61f5c373895dc','1663',0,2,0),(1664,'3fd44993ea55efa8','3fd44993ea55efa8','1664',0,2,0),(1665,'3fd2571f4676de66','3fd2571f4676de66','1665',0,2,0),(1666,'3fcba2965ca812a4','3fcba2965ca812a4','1666',0,2,0),(1667,'3fd3d687886cc48e','3fd3d687886cc48e','1667',0,2,0),(1668,'3fd58b98ddc809bc','3fd58b98ddc809bc','1668',0,2,0),(1669,'3fd2502a2415f4d0','3fd2502a2415f4d0','1669',0,2,0),(1670,'3fee888babfc0f57','3fee888babfc0f57','1670',0,2,0),(1671,'3fee38cdff953610','3fee38cdff953610','1671',0,2,0),(1672,'3fea9f2b1efece44','3fea9f2b1efece44','1672',0,2,0),(1673,'3fd16a14bc7c62d4','3fd16a14bc7c62d4','1673',0,2,0),(1674,'3fdc3586aaffae12','3fdc3586aaffae12','1674',0,2,0),(1675,'3fa9b8804a03b630','3fa9b8804a03b630','1675',0,2,0),(1676,'3fc5f2a5fd1315d4','3fc5f2a5fd1315d4','1676',0,2,0),(1677,'3fec37cf24313b52','3fec37cf24313b52','1677',0,2,0),(1678,'3fef6b5eb0edbd6c','3fef6b5eb0edbd6c','1678',0,2,0),(1679,'3fed2404b01c8f6e','3fed2404b01c8f6e','1679',0,2,0),(1680,'3feb9a5a3e8e0828','3feb9a5a3e8e0828','1680',0,2,0),(1681,'3fe3ae61756bee1b','3fe3ae61756bee1b','1681',0,2,0),(1682,'3fcffbb06a26d0a0','3fcffbb06a26d0a0','1682',0,2,0),(1683,'3fead6f058595642','3fead6f058595642','1683',0,2,0),(1684,'3fda83bf2b40e1d6','3fda83bf2b40e1d6','1684',0,2,0),(1685,'3fe0b1de6044bcc6','3fe0b1de6044bcc6','1685',0,2,0),(1686,'3fe7216b324451ab','3fe7216b324451ab','1686',0,2,0),(1687,'3fed64cea790e73a','3fed64cea790e73a','1687',0,2,0),(1688,'3f922cb148d683a0','3f922cb148d683a0','1688',0,2,0),(1689,'3fe8da4d1cfdc5fe','3fe8da4d1cfdc5fe','1689',0,2,0),(1690,'3fe4c09c84b83a6a','3fe4c09c84b83a6a','1690',0,2,0),(1691,'3fd99b44c6eb43b4','3fd99b44c6eb43b4','1691',0,2,0),(1692,'3fe329965de49978','3fe329965de49978','1692',0,2,0),(1693,'3fdf45e7089f267a','3fdf45e7089f267a','1693',0,2,0),(1694,'3fe962ea7b09eea4','3fe962ea7b09eea4','1694',0,2,0),(1695,'3fdb877ebf0df672','3fdb877ebf0df672','1695',0,2,0),(1696,'3febe7c8a25f6212','3febe7c8a25f6212','1696',0,2,0),(1697,'3fdf2cea506e30da','3fdf2cea506e30da','1697',0,2,0),(1698,'3fd0e85a11c41950','3fd0e85a11c41950','1698',0,2,0),(1699,'3fd1920c019aa7c2','3fd1920c019aa7c2','1699',0,2,0),(1700,'3fd0734fbc06d5c4','3fd0734fbc06d5c4','1700',0,2,0),(1701,'3fe431fbfefe8412','3fe431fbfefe8412','1701',0,2,0),(1702,'3fd8130d71582f2e','3fd8130d71582f2e','1702',0,2,0),(1703,'3fe229c970dd2634','3fe229c970dd2634','1703',0,2,0),(1704,'3fecff9685221bc7','3fecff9685221bc7','1704',0,2,0),(1705,'3fd92d5643b4dfca','3fd92d5643b4dfca','1705',0,2,0),(1706,'3fec259c1b75d2aa','3fec259c1b75d2aa','1706',0,2,0),(1707,'3fda413e57083aa2','3fda413e57083aa2','1707',0,2,0),(1708,'3fe45b0a8e753305','3fe45b0a8e753305','1708',0,2,0),(1709,'3fb644df20b81010','3fb644df20b81010','1709',0,2,0),(1710,'3feb6e65133d40f5','3feb6e65133d40f5','1710',0,2,0),(1711,'3fd52cb19c8948ea','3fd52cb19c8948ea','1711',0,2,0),(1712,'3fd05c472bccfaa0','3fd05c472bccfaa0','1712',0,2,0),(1713,'3fbf1521ed947420','3fbf1521ed947420','1713',0,2,0),(1714,'3fd05bb0285ab358','3fd05bb0285ab358','1714',0,2,0),(1715,'3fcc65a00b19fb8c','3fcc65a00b19fb8c','1715',0,2,0),(1716,'3fe479bb482d0a4b','3fe479bb482d0a4b','1716',0,2,0),(1717,'3fba713f632a4d70','3fba713f632a4d70','1717',0,2,0),(1718,'3fd4bd5f167701ca','3fd4bd5f167701ca','1718',0,2,0),(1719,'3fd79fd89b49f08c','3fd79fd89b49f08c','1719',0,2,0),(1720,'3fed2f2fa8c2ed91','3fed2f2fa8c2ed91','1720',0,2,0),(1721,'3fdb6c6660ef3516','3fdb6c6660ef3516','1721',0,2,0),(1722,'3fc9ba247b275374','3fc9ba247b275374','1722',0,2,0),(1723,'3fe34faad1853d95','3fe34faad1853d95','1723',0,2,0),(1724,'3fd0e64eb6113868','3fd0e64eb6113868','1724',0,2,0),(1725,'3fd02a3f1ed53c2c','3fd02a3f1ed53c2c','1725',0,2,0),(1726,'3fe0469f08645fbc','3fe0469f08645fbc','1726',0,2,0),(1727,'3fdade604642dcec','3fdade604642dcec','1727',0,2,0),(1728,'3fd16d1fedf9ed86','3fd16d1fedf9ed86','1728',0,2,0),(1729,'3fd7c8051ab0d5b6','3fd7c8051ab0d5b6','1729',0,2,0),(1730,'3fb8a2db6b09eed0','3fb8a2db6b09eed0','1730',0,2,0),(1731,'3fe44b5c15f6f725','3fe44b5c15f6f725','1731',0,2,0),(1732,'3fa731661c30fce0','3fa731661c30fce0','1732',0,2,0),(1733,'3fe31b26c713a51d','3fe31b26c713a51d','1733',0,2,0),(1734,'3f7982bb8ee44180','3f7982bb8ee44180','1734',0,2,0),(1735,'3fe8e4978a88c2d5','3fe8e4978a88c2d5','1735',0,2,0),(1736,'3fc701646902fbb4','3fc701646902fbb4','1736',0,2,0),(1737,'3fe55ace6a6ff379','3fe55ace6a6ff379','1737',0,2,0),(1738,'3fd4ff91f589aa6e','3fd4ff91f589aa6e','1738',0,2,0),(1739,'3feedef456a7d695','3feedef456a7d695','1739',0,2,0),(1740,'3fd2be2904e6207a','3fd2be2904e6207a','1740',0,2,0),(1741,'3fe33b8057bee409','3fe33b8057bee409','1741',0,2,0),(1742,'3feb495783fc1974','3feb495783fc1974','1742',0,2,0),(1743,'3fda30edfbedc968','3fda30edfbedc968','1743',0,2,0),(1744,'3feb3f892ea7a06b','3feb3f892ea7a06b','1744',0,2,0),(1745,'3fe56d1e976ed20a','3fe56d1e976ed20a','1745',0,2,0),(1746,'3fd5e8c78b1185ec','3fd5e8c78b1185ec','1746',0,2,0),(1747,'3fbf865366fb4538','3fbf865366fb4538','1747',0,2,0),(1748,'3fbf82e164dfa9a0','3fbf82e164dfa9a0','1748',0,2,0),(1749,'3feaf40788db5c01','3feaf40788db5c01','1749',0,2,0),(1750,'3fe95636deed547c','3fe95636deed547c','1750',0,2,0),(1751,'3fe2459e0270db67','3fe2459e0270db67','1751',0,2,0),(1752,'3fd596630b2bc4d4','3fd596630b2bc4d4','1752',0,2,0),(1753,'3fe47b807bc0fa59','3fe47b807bc0fa59','1753',0,2,0),(1754,'3fd15d3f4c69ae1a','3fd15d3f4c69ae1a','1754',0,2,0),(1755,'3fcd3bb4f892417c','3fcd3bb4f892417c','1755',0,2,0),(1756,'3fe21c404fda0b79','3fe21c404fda0b79','1756',0,2,0),(1757,'3fea5caa7c67468e','3fea5caa7c67468e','1757',0,2,0),(1758,'3fea127c09916fba','3fea127c09916fba','1758',0,2,0),(1759,'3faae716d42cac50','3faae716d42cac50','1759',0,2,0),(1760,'3fd9d4422aef22d2','3fd9d4422aef22d2','1760',0,2,0),(1761,'3fce8504edde0b38','3fce8504edde0b38','1761',0,2,0),(1762,'3fd60038ba4cd3c8','3fd60038ba4cd3c8','1762',0,2,0),(1763,'3feb2d7dd0a79b85','3feb2d7dd0a79b85','1763',0,2,0),(1764,'3fd0d62c5063fac8','3fd0d62c5063fac8','1764',0,2,0),(1765,'3fdbe2c7ab2de438','3fdbe2c7ab2de438','1765',0,2,0),(1766,'3fe9bec08e47c5fe','3fe9bec08e47c5fe','1766',0,2,0),(1767,'3fd9990a3dd02f48','3fd9990a3dd02f48','1767',0,2,0),(1768,'3fef9d0e0c6477b8','3fef9d0e0c6477b8','1768',0,2,0),(1769,'3fda074f287d21ec','3fda074f287d21ec','1769',0,2,0),(1770,'3fe1126f96ab5cd3','3fe1126f96ab5cd3','1770',0,2,0),(1771,'3fefef89705a7721','3fefef89705a7721','1771',0,2,0),(1772,'3fe0dd9f870b5b5f','3fe0dd9f870b5b5f','1772',0,2,0),(1773,'3febceb4e0ebbe78','3febceb4e0ebbe78','1773',0,2,0),(1774,'3fd76ad16ef34e94','3fd76ad16ef34e94','1774',0,2,0),(1775,'3fe79ab61a45ac5e','3fe79ab61a45ac5e','1775',0,2,0),(1776,'3fe3c7401db335fc','3fe3c7401db335fc','1776',0,2,0),(1777,'3fb31d6fad3b2ff8','3fb31d6fad3b2ff8','1777',0,2,0),(1778,'3fc3c1bb7778ea9c','3fc3c1bb7778ea9c','1778',0,2,0),(1779,'3fdfb4c6f8fe07fe','3fdfb4c6f8fe07fe','1779',0,2,0),(1780,'3fe900f461de4467','3fe900f461de4467','1780',0,2,0),(1781,'3fa009fa20339500','3fa009fa20339500','1781',0,2,0),(1782,'3fc64cb762a8254c','3fc64cb762a8254c','1782',0,2,0),(1783,'3fa99c4a8fe5d500','3fa99c4a8fe5d500','1783',0,2,0),(1784,'3fdc2b749906f752','3fdc2b749906f752','1784',0,2,0),(1785,'3fd72478c41d1674','3fd72478c41d1674','1785',0,2,0),(1786,'3fd6ebf37196f03a','3fd6ebf37196f03a','1786',0,2,0),(1787,'3fc94dfdfdce2ca8','3fc94dfdfdce2ca8','1787',0,2,0),(1788,'3fe4d0ed599c2e88','3fe4d0ed599c2e88','1788',0,2,0),(1789,'3fe88420c5665ab8','3fe88420c5665ab8','1789',0,2,0),(1790,'3fdb2c5039a4b000','3fdb2c5039a4b000','1790',0,2,0),(1791,'3fa2f6e2fa96d560','3fa2f6e2fa96d560','1791',0,2,0),(1792,'3fe804e527475f86','3fe804e527475f86','1792',0,2,0),(1793,'3fc99b8a7d987a60','3fc99b8a7d987a60','1793',0,2,0),(1794,'3fe7c6438267d465','3fe7c6438267d465','1794',0,2,0),(1795,'3fea48cb2c855272','3fea48cb2c855272','1795',0,2,0),(1796,'3fcc24357f6f3d90','3fcc24357f6f3d90','1796',0,2,0),(1797,'3fdb36532d41c342','3fdb36532d41c342','1797',0,2,0),(1798,'3fcb4d627e5197a4','3fcb4d627e5197a4','1798',0,2,0),(1799,'3fed00071eb33252','3fed00071eb33252','1799',0,2,0),(1800,'3fc692e1c94f60b0','3fc692e1c94f60b0','1800',0,2,0),(1801,'3fe1d912092c3f2f','3fe1d912092c3f2f','1801',0,2,0),(1802,'3fe0e89d88dfd9a0','3fe0e89d88dfd9a0','1802',0,2,0),(1803,'3fd6c710b322a1d0','3fd6c710b322a1d0','1803',0,2,0),(1804,'3fce0faec34092b4','3fce0faec34092b4','1804',0,2,0),(1805,'3fe31319fce8d061','3fe31319fce8d061','1805',0,2,0),(1806,'3fede2b350c97cd9','3fede2b350c97cd9','1806',0,2,0),(1807,'3fe6e2952eafd9a4','3fe6e2952eafd9a4','1807',0,2,0),(1808,'3fecbb6591805486','3fecbb6591805486','1808',0,2,0),(1809,'3fe5dbd7b6d599b4','3fe5dbd7b6d599b4','1809',0,2,0),(1810,'3f75e080643eb100','3f75e080643eb100','1810',0,2,0),(1811,'3fd34b4e387606ba','3fd34b4e387606ba','1811',0,2,0),(1812,'3fd0923c3625394c','3fd0923c3625394c','1812',0,2,0),(1813,'3fa1dbaa29e092f0','3fa1dbaa29e092f0','1813',0,2,0),(1814,'3f9435257ed1c980','3f9435257ed1c980','1814',0,2,0),(1815,'3fc03da4c3a132c4','3fc03da4c3a132c4','1815',0,2,0),(1816,'3fe1e68122dd7451','3fe1e68122dd7451','1816',0,2,0),(1817,'3fa9c1643f415000','3fa9c1643f415000','1817',0,2,0),(1818,'3fcbbe641ee384bc','3fcbbe641ee384bc','1818',0,2,0),(1819,'3fcc467e320583a0','3fcc467e320583a0','1819',0,2,0),(1820,'3fae9a2b8485ea50','3fae9a2b8485ea50','1820',0,2,0),(1821,'3fbae5b66f505528','3fbae5b66f505528','1821',0,2,0),(1822,'3fe3ac31ef2d83f0','3fe3ac31ef2d83f0','1822',0,2,0),(1823,'3fe629393ee9355e','3fe629393ee9355e','1823',0,2,0),(1824,'3fe85aad4e8ae09c','3fe85aad4e8ae09c','1824',0,2,0),(1825,'3fedc14011619e8c','3fedc14011619e8c','1825',0,2,0),(1826,'3fb3ac6496a99808','3fb3ac6496a99808','1826',0,2,0),(1827,'3fd5f99810f3debe','3fd5f99810f3debe','1827',0,2,0),(1828,'3fe7caca1baab393','3fe7caca1baab393','1828',0,2,0),(1829,'3fd17f2cc58f987a','3fd17f2cc58f987a','1829',0,2,0),(1830,'3f762b2b71d81380','3f762b2b71d81380','1830',0,2,0),(1831,'3f98174cbb845240','3f98174cbb845240','1831',0,2,0),(1832,'3fd1c38703688892','3fd1c38703688892','1832',0,2,0),(1833,'3fe8509130b716f6','3fe8509130b716f6','1833',0,2,0),(1834,'3fd8ae912fa55b80','3fd8ae912fa55b80','1834',0,2,0),(1835,'3fcab10c3be7df68','3fcab10c3be7df68','1835',0,2,0),(1836,'3fd9ff427af51cd2','3fd9ff427af51cd2','1836',0,2,0),(1837,'3fdda870017775ac','3fdda870017775ac','1837',0,2,0),(1838,'3feca039fe455e83','3feca039fe455e83','1838',0,2,0),(1839,'3fdde575f8e59972','3fdde575f8e59972','1839',0,2,0),(1840,'3fd96efd697ac914','3fd96efd697ac914','1840',0,2,0),(1841,'3fe7d2c93d575e7c','3fe7d2c93d575e7c','1841',0,2,0),(1842,'3fdc8813c1f9738e','3fdc8813c1f9738e','1842',0,2,0),(1843,'3fe2dc3130f5db35','3fe2dc3130f5db35','1843',0,2,0),(1844,'3fd4a1b6d8ce6968','3fd4a1b6d8ce6968','1844',0,2,0),(1845,'3fd45395d107aa5c','3fd45395d107aa5c','1845',0,2,0),(1846,'3feb36a5758e8448','3feb36a5758e8448','1846',0,2,0),(1847,'3fc302f210b1e8f4','3fc302f210b1e8f4','1847',0,2,0),(1848,'3f9c94a6d4ab2c80','3f9c94a6d4ab2c80','1848',0,2,0),(1849,'3fd6b8cb10ad02fa','3fd6b8cb10ad02fa','1849',0,2,0),(1850,'3fce919cdb0cb594','3fce919cdb0cb594','1850',0,2,0),(1851,'3fc746cd4d7a1a30','3fc746cd4d7a1a30','1851',0,2,0),(1852,'3fee133c7ff00711','3fee133c7ff00711','1852',0,2,0),(1853,'3fe56648f007e867','3fe56648f007e867','1853',0,2,0),(1854,'3fe0621021f090ed','3fe0621021f090ed','1854',0,2,0),(1855,'3fdf881b117b0818','3fdf881b117b0818','1855',0,2,0),(1856,'3fdd71657351cc5c','3fdd71657351cc5c','1856',0,2,0),(1857,'3fe5185b168504fc','3fe5185b168504fc','1857',0,2,0),(1858,'3fd7893646b35ab2','3fd7893646b35ab2','1858',0,2,0),(1859,'3fe99730554507bd','3fe99730554507bd','1859',0,2,0),(1860,'3fc9b20a4325a6c4','3fc9b20a4325a6c4','1860',0,2,0),(1861,'3fe8ae70b4d1ec83','3fe8ae70b4d1ec83','1861',0,2,0),(1862,'3fd88454b91abd34','3fd88454b91abd34','1862',0,2,0),(1863,'3fe2db63ea60fa17','3fe2db63ea60fa17','1863',0,2,0),(1864,'3fee02025f2bf212','3fee02025f2bf212','1864',0,2,0),(1865,'3fe4f55071e7531e','3fe4f55071e7531e','1865',0,2,0),(1866,'3fcc95393bc0b550','3fcc95393bc0b550','1866',0,2,0),(1867,'3fb0199ac0620f58','3fb0199ac0620f58','1867',0,2,0),(1868,'3feea6d0464cccd5','3feea6d0464cccd5','1868',0,2,0),(1869,'3fb801fb3ab40748','3fb801fb3ab40748','1869',0,2,0),(1870,'3fd307cec01e8554','3fd307cec01e8554','1870',0,2,0),(1871,'3f8cbda07719f380','3f8cbda07719f380','1871',0,2,0),(1872,'3fdb48f165e44114','3fdb48f165e44114','1872',0,2,0),(1873,'3fa1557f9e147a80','3fa1557f9e147a80','1873',0,2,0),(1874,'3fb49708e86483d0','3fb49708e86483d0','1874',0,2,0),(1875,'3fea29c5a970c1f7','3fea29c5a970c1f7','1875',0,2,0),(1876,'3fe0329691fbd552','3fe0329691fbd552','1876',0,2,0),(1877,'3fe71feae35588e0','3fe71feae35588e0','1877',0,2,0),(1878,'3fec580766663e29','3fec580766663e29','1878',0,2,0),(1879,'3fef07177efdb8a6','3fef07177efdb8a6','1879',0,2,0),(1880,'3fccbab69eba278c','3fccbab69eba278c','1880',0,2,0),(1881,'3faa029a75ddc830','3faa029a75ddc830','1881',0,2,0),(1882,'3fb519af2c6b4f08','3fb519af2c6b4f08','1882',0,2,0),(1883,'3fe8d848a92eb306','3fe8d848a92eb306','1883',0,2,0),(1884,'3fdfedfdb83d4a1a','3fdfedfdb83d4a1a','1884',0,2,0),(1885,'3fe5b75bab9ae810','3fe5b75bab9ae810','1885',0,2,0),(1886,'3fe4202162324e57','3fe4202162324e57','1886',0,2,0),(1887,'3feb814e045b3c94','3feb814e045b3c94','1887',0,2,0),(1888,'3fd41b2d21e5277a','3fd41b2d21e5277a','1888',0,2,0),(1889,'3fdb2fb9e875ec72','3fdb2fb9e875ec72','1889',0,2,0),(1890,'3fd473f5dbbbba20','3fd473f5dbbbba20','1890',0,2,0),(1891,'3fbdde7fb06f97f8','3fbdde7fb06f97f8','1891',0,2,0),(1892,'3fe890d4ee854380','3fe890d4ee854380','1892',0,2,0),(1893,'3fe64826e9675f05','3fe64826e9675f05','1893',0,2,0),(1894,'3fd4e45ab2c5ba46','3fd4e45ab2c5ba46','1894',0,2,0),(1895,'3fe50ff08d1dcc91','3fe50ff08d1dcc91','1895',0,2,0),(1896,'3fe2feb03083e988','3fe2feb03083e988','1896',0,2,0),(1897,'3fdca0467e82a0ee','3fdca0467e82a0ee','1897',0,2,0),(1898,'3fdd66e8c1c53d00','3fdd66e8c1c53d00','1898',0,2,0),(1899,'3f9a3f670388e180','3f9a3f670388e180','1899',0,2,0),(1900,'3fea1ff0fc742633','3fea1ff0fc742633','1900',0,2,0),(1901,'3fd1201113930f5a','3fd1201113930f5a','1901',0,2,0),(1902,'3fb09471449a8d80','3fb09471449a8d80','1902',0,2,0),(1903,'3fe6183ea39d0f15','3fe6183ea39d0f15','1903',0,2,0),(1904,'3fd8c1516e432a10','3fd8c1516e432a10','1904',0,2,0),(1905,'3fe728015ff08a8a','3fe728015ff08a8a','1905',0,2,0),(1906,'3fe455c65e28141d','3fe455c65e28141d','1906',0,2,0),(1907,'3fdb88a0dfbb602a','3fdb88a0dfbb602a','1907',0,2,0),(1908,'3f80c86a30f65080','3f80c86a30f65080','1908',0,2,0),(1909,'3fefffdcf52ef1d7','3fefffdcf52ef1d7','1909',0,2,0),(1910,'3f90937315981a60','3f90937315981a60','1910',0,2,0),(1911,'3fe5e2fb0195dc9d','3fe5e2fb0195dc9d','1911',0,2,0),(1912,'3fec0289a2c036d1','3fec0289a2c036d1','1912',0,2,0),(1913,'3fcc9827dd9d4f90','3fcc9827dd9d4f90','1913',0,2,0),(1914,'3fe1a8bec2d995c5','3fe1a8bec2d995c5','1914',0,2,0),(1915,'3fd99c2b1875be94','3fd99c2b1875be94','1915',0,2,0),(1916,'3fe6e295f53bc7dd','3fe6e295f53bc7dd','1916',0,2,0),(1917,'3fe2e51b57755fb3','3fe2e51b57755fb3','1917',0,2,0),(1918,'3fe4d1ac5254bd91','3fe4d1ac5254bd91','1918',0,2,0),(1919,'3fca8e16330b109c','3fca8e16330b109c','1919',0,2,0),(1920,'3fd622c3fc8abd96','3fd622c3fc8abd96','1920',0,2,0),(1921,'3fe217172dafb896','3fe217172dafb896','1921',0,2,0),(1922,'3f8507e242737180','3f8507e242737180','1922',0,2,0),(1923,'3feeccaacaf5ca97','3feeccaacaf5ca97','1923',0,2,0),(1924,'3fee68c7483024c2','3fee68c7483024c2','1924',0,2,0),(1925,'3feee5cf70c42255','3feee5cf70c42255','1925',0,2,0),(1926,'3fc89a7fd2c52694','3fc89a7fd2c52694','1926',0,2,0),(1927,'3feb79753c9eafb3','3feb79753c9eafb3','1927',0,2,0),(1928,'3fd988e03194095c','3fd988e03194095c','1928',0,2,0),(1929,'3fe6cf84ecb78dd4','3fe6cf84ecb78dd4','1929',0,2,0),(1930,'3fd448d0f7a872c8','3fd448d0f7a872c8','1930',0,2,0),(1931,'3fd434c922d8c25e','3fd434c922d8c25e','1931',0,2,0),(1932,'3fd013c70ed5e588','3fd013c70ed5e588','1932',0,2,0),(1933,'3fd8de27a2eb2c66','3fd8de27a2eb2c66','1933',0,2,0),(1934,'3fd9cfd1ee13cbee','3fd9cfd1ee13cbee','1934',0,2,0),(1935,'3fea0cb24819a8c1','3fea0cb24819a8c1','1935',0,2,0),(1936,'3fe067cbd46c2086','3fe067cbd46c2086','1936',0,2,0),(1937,'3fe02eeac43cfe75','3fe02eeac43cfe75','1937',0,2,0),(1938,'3fd1ac4281bf92a2','3fd1ac4281bf92a2','1938',0,2,0),(1939,'3fe5d3e55d716003','3fe5d3e55d716003','1939',0,2,0),(1940,'3feab9b6d9682d48','3feab9b6d9682d48','1940',0,2,0),(1941,'3fe2b60b8558bfa4','3fe2b60b8558bfa4','1941',0,2,0),(1942,'3f9b82d8d9b864a0','3f9b82d8d9b864a0','1942',0,2,0),(1943,'3fe364100c07bcd6','3fe364100c07bcd6','1943',0,2,0),(1944,'3fe365904eb76330','3fe365904eb76330','1944',0,2,0),(1945,'3fe68655dbf73772','3fe68655dbf73772','1945',0,2,0),(1946,'3fe747a381caa232','3fe747a381caa232','1946',0,2,0),(1947,'3fd24fefa0068c92','3fd24fefa0068c92','1947',0,2,0),(1948,'3fd2e02befda2182','3fd2e02befda2182','1948',0,2,0),(1949,'3fc7ad71524c1d84','3fc7ad71524c1d84','1949',0,2,0),(1950,'3fde19bf4b0e23fc','3fde19bf4b0e23fc','1950',0,2,0),(1951,'3fce599c144807e0','3fce599c144807e0','1951',0,2,0),(1952,'3fdfdb0c4d5a1db4','3fdfdb0c4d5a1db4','1952',0,2,0),(1953,'3fde0206268668c8','3fde0206268668c8','1953',0,2,0),(1954,'3feab164b206fd1f','3feab164b206fd1f','1954',0,2,0),(1955,'3fc947a336a5a7dc','3fc947a336a5a7dc','1955',0,2,0),(1956,'3fd6b78fb2050674','3fd6b78fb2050674','1956',0,2,0),(1957,'3fa4128b26a17050','3fa4128b26a17050','1957',0,2,0),(1958,'3fe1feaad4437401','3fe1feaad4437401','1958',0,2,0),(1959,'3feff62ed9f1bb2e','3feff62ed9f1bb2e','1959',0,2,0),(1960,'3fd9b69aace5df0c','3fd9b69aace5df0c','1960',0,2,0),(1961,'3fdd5f31ef39580e','3fdd5f31ef39580e','1961',0,2,0),(1962,'3fe284c047b12823','3fe284c047b12823','1962',0,2,0),(1963,'3f9bcc2847e588c0','3f9bcc2847e588c0','1963',0,2,0),(1964,'3fdd47e01ab53998','3fdd47e01ab53998','1964',0,2,0),(1965,'3fc98e26b0f75638','3fc98e26b0f75638','1965',0,2,0),(1966,'3fddbd34e7f317c2','3fddbd34e7f317c2','1966',0,2,0),(1967,'3fe357985cbd9d03','3fe357985cbd9d03','1967',0,2,0),(1968,'3feb7b0740b17387','3feb7b0740b17387','1968',0,2,0),(1969,'3feed5e1952b1cbb','3feed5e1952b1cbb','1969',0,2,0),(1970,'3fc645061f9a9ae0','3fc645061f9a9ae0','1970',0,2,0),(1971,'3fe6dac067f54e31','3fe6dac067f54e31','1971',0,2,0),(1972,'3fc95fe154a5408c','3fc95fe154a5408c','1972',0,2,0),(1973,'3fe4038904fa83da','3fe4038904fa83da','1973',0,2,0),(1974,'3fb238ac239d7020','3fb238ac239d7020','1974',0,2,0),(1975,'3fe011277c113202','3fe011277c113202','1975',0,2,0),(1976,'3fe7cc80d3a8e402','3fe7cc80d3a8e402','1976',0,2,0),(1977,'3fe81b04d6aaf8ff','3fe81b04d6aaf8ff','1977',0,2,0),(1978,'3fd620db724ce496','3fd620db724ce496','1978',0,2,0),(1979,'3fec8ef56b5164f4','3fec8ef56b5164f4','1979',0,2,0),(1980,'3fec2dfb067832fd','3fec2dfb067832fd','1980',0,2,0),(1981,'3fed149b1b4af92c','3fed149b1b4af92c','1981',0,2,0),(1982,'3fde75a3fa8f61fc','3fde75a3fa8f61fc','1982',0,2,0),(1983,'3fdead9acdacbe70','3fdead9acdacbe70','1983',0,2,0),(1984,'3fcf9370b816f5b4','3fcf9370b816f5b4','1984',0,2,0),(1985,'3fe23c4223faf3f5','3fe23c4223faf3f5','1985',0,2,0),(1986,'3fe6380df8425abd','3fe6380df8425abd','1986',0,2,0),(1987,'3fe261d9d7f36e90','3fe261d9d7f36e90','1987',0,2,0),(1988,'3fe6afacc1fd66aa','3fe6afacc1fd66aa','1988',0,2,0),(1989,'3fe25c990ad2ffa6','3fe25c990ad2ffa6','1989',0,2,0),(1990,'3fd5ecbd4cc7bc34','3fd5ecbd4cc7bc34','1990',0,2,0),(1991,'3fed8f82577908b6','3fed8f82577908b6','1991',0,2,0),(1992,'3fef0ebaf37c2812','3fef0ebaf37c2812','1992',0,2,0),(1993,'3fdbc455612adbc6','3fdbc455612adbc6','1993',0,2,0),(1994,'3fe2f2f95e6986df','3fe2f2f95e6986df','1994',0,2,0),(1995,'3fc2202d0fa6190c','3fc2202d0fa6190c','1995',0,2,0),(1996,'3fd8eb8d5afb4118','3fd8eb8d5afb4118','1996',0,2,0),(1997,'3fe7f63a7ab9d0ce','3fe7f63a7ab9d0ce','1997',0,2,0),(1998,'3fd0705a9f7203a2','3fd0705a9f7203a2','1998',0,2,0),(1999,'3fd68abf7a99ac1a','3fd68abf7a99ac1a','1999',0,2,0),(2000,'3fc1ba8461fd4708','3fc1ba8461fd4708','2000',0,1,0),(2001,'3fd55bb0d8b53410','3fd55bb0d8b53410','2001',0,1,0),(2002,'3fe1dd9a9c49784f','3fe1dd9a9c49784f','2002',0,1,0),(2003,'3fee784a33ce47ac','3fee784a33ce47ac','2003',0,1,0),(2004,'3fe52c7a42d4f2da','3fe52c7a42d4f2da','2004',0,1,0),(2005,'3fc4dd015cb13fd4','3fc4dd015cb13fd4','2005',0,1,0),(2006,'3fea034bbad5b85d','3fea034bbad5b85d','2006',0,1,0),(2007,'3fecaa68366035d2','3fecaa68366035d2','2007',0,1,0),(2008,'3fe4e31a0563114b','3fe4e31a0563114b','2008',0,1,0),(2009,'3fef0250a7ab5da6','3fef0250a7ab5da6','2009',0,1,0);
/*!40000 ALTER TABLE `user` ENABLE KEYS */;
UNLOCK TABLES;
/*!40103 SET TIME_ZONE=@OLD_TIME_ZONE */;

/*!40101 SET SQL_MODE=@OLD_SQL_MODE */;
/*!40014 SET FOREIGN_KEY_CHECKS=@OLD_FOREIGN_KEY_CHECKS */;
/*!40014 SET UNIQUE_CHECKS=@OLD_UNIQUE_CHECKS */;
/*!40101 SET CHARACTER_SET_CLIENT=@OLD_CHARACTER_SET_CLIENT */;
/*!40101 SET CHARACTER_SET_RESULTS=@OLD_CHARACTER_SET_RESULTS */;
/*!40101 SET COLLATION_CONNECTION=@OLD_COLLATION_CONNECTION */;
/*!40111 SET SQL_NOTES=@OLD_SQL_NOTES */;

-- Dump completed on 2017-07-03 22:35:17
